-- phpMyAdmin SQL Dump
-- version 5.2.1
-- https://www.phpmyadmin.net/
--
-- Host: 127.0.0.1
-- Generation Time: Apr 09, 2024 at 04:10 AM
-- Server version: 10.4.28-MariaDB
-- PHP Version: 8.2.4

SET SQL_MODE = "NO_AUTO_VALUE_ON_ZERO";
START TRANSACTION;
SET time_zone = "+00:00";


/*!40101 SET @OLD_CHARACTER_SET_CLIENT=@@CHARACTER_SET_CLIENT */;
/*!40101 SET @OLD_CHARACTER_SET_RESULTS=@@CHARACTER_SET_RESULTS */;
/*!40101 SET @OLD_COLLATION_CONNECTION=@@COLLATION_CONNECTION */;
/*!40101 SET NAMES utf8mb4 */;

--
-- Database: `cid_system`
--

-- --------------------------------------------------------

--
-- Table structure for table `cid_summary_of_repairs`
--

CREATE TABLE `cid_summary_of_repairs` (
  `cid_sor_id` int(11) NOT NULL,
  `cid_number` varchar(100) NOT NULL,
  `cid_sor_start_date` datetime NOT NULL,
  `cid_sor_end_date` timestamp NOT NULL DEFAULT current_timestamp() ON UPDATE current_timestamp(),
  `cid_sor_warranty_start` datetime NOT NULL,
  `cid_sor_warranty_end` datetime NOT NULL,
  `cid_sor_technician_id` int(11) NOT NULL
) ENGINE=InnoDB DEFAULT CHARSET=utf8mb4 COLLATE=utf8mb4_general_ci;

-- --------------------------------------------------------

--
-- Table structure for table `cid_summary_of_repairs_notes`
--

CREATE TABLE `cid_summary_of_repairs_notes` (
  `cid_sor_notes_id` int(11) NOT NULL,
  `cid_sor_id` int(11) NOT NULL,
  `cid_number` varchar(100) NOT NULL,
  `cid_sor_notes` text NOT NULL,
  `cid_sor_notes_created` timestamp NOT NULL DEFAULT current_timestamp() ON UPDATE current_timestamp(),
  `cid_sor_notes_updated` timestamp NOT NULL DEFAULT current_timestamp() ON UPDATE current_timestamp()
) ENGINE=InnoDB DEFAULT CHARSET=utf8mb4 COLLATE=utf8mb4_general_ci;

-- --------------------------------------------------------

--
-- Table structure for table `cs_cid_information`
--

CREATE TABLE `cs_cid_information` (
  `cid_id` int(11) NOT NULL,
  `cid_number` varchar(100) NOT NULL,
  `cid_client_full_name` varchar(255) NOT NULL,
  `cid_signature` text NOT NULL,
  `cid_client_contact` varchar(100) NOT NULL,
  `cid_platinum` tinyint(4) NOT NULL,
  `cid_platinum_number` int(11) NOT NULL,
  `cid_representative` int(100) NOT NULL,
  `cid_advertisement` varchar(100) NOT NULL,
  `cid_claiming_slip` varchar(255) NOT NULL,
  `cid_unit_details` text NOT NULL,
  `cid_remarks` text NOT NULL,
  `cid_technician_id` int(11) NOT NULL,
  `cid_service_id` int(11) NOT NULL,
  `cid_status` varchar(100) NOT NULL,
  `cid_type` varchar(100) NOT NULL,
  `cid_created` timestamp NOT NULL DEFAULT current_timestamp(),
  `cid_updated` timestamp NOT NULL DEFAULT current_timestamp() ON UPDATE current_timestamp()
) ENGINE=InnoDB DEFAULT CHARSET=utf8mb4 COLLATE=utf8mb4_general_ci;

--
-- Dumping data for table `cs_cid_information`
--

INSERT INTO `cs_cid_information` (`cid_id`, `cid_number`, `cid_client_full_name`, `cid_signature`, `cid_client_contact`, `cid_platinum`, `cid_platinum_number`, `cid_representative`, `cid_advertisement`, `cid_claiming_slip`, `cid_unit_details`, `cid_remarks`, `cid_technician_id`, `cid_service_id`, `cid_status`, `cid_type`, `cid_created`, `cid_updated`) VALUES
(155, '042024-1', 'Fhranz Joseph A. Benosa', '', '09089856740', 1, 69, 2, 'Word of Mouth', '', 'Laptop Acer Nitro An-515', 'Stickers, With Charger', 2, 1, 'On-going', '', '2024-04-03 05:53:51', '2024-04-03 05:53:51'),
(156, '042024-2', 'Jolouos Gabon', '', '0987456321', 1, 420, 3, 'Advertisement', '', 'System Unit', 'Black', 3, 1, 'On-going', '', '2024-04-03 06:03:46', '2024-04-03 06:03:46'),
(157, '042024-3', 'Fhranz Joseph A. Benosa', '', '213456', 1, 123, 2, 'Advertisement', '', 'Lappy', 'Black', 2, 1, 'On-going', '', '2024-04-03 09:37:32', '2024-04-03 09:37:32'),
(158, '042024-4', 'adfgh', '', '43253', 1, 1425, 2, 'Advertisement', '', 'reghhfg', 'hgfh', 3, 1, 'On-going', '', '2024-04-03 09:40:44', '2024-04-03 09:40:44'),
(159, '042024-5', 'Fhranz Joseph A. Be24nosa', '', '42564332', 1, 23423454, 2, 'Advertisement', '', '23445', '425y', 2, 1, 'On-going', '', '2024-04-03 09:41:51', '2024-04-03 09:41:51'),
(161, '042024-6', '', '', '', 1, 0, 2, 'Advertisement', '', '', '', 2, 1, 'On-going', '', '2024-04-05 05:35:55', '2024-04-05 05:35:55'),
(162, '042024-7', '', '', '', 1, 0, 2, 'Advertisement', '', '', '', 2, 1, 'On-going', '', '2024-04-05 05:51:03', '2024-04-05 05:51:03'),
(163, '042024-8', '', '', '', 1, 0, 2, 'Advertisement', '', '', '', 2, 1, 'On-going', '', '2024-04-05 05:58:37', '2024-04-05 05:58:37'),
(165, '042024-9', '', '', '', 1, 0, 2, 'Advertisement', '', '', '', 2, 1, 'On-going', '', '2024-04-05 06:00:33', '2024-04-05 06:00:33'),
(167, '042024-10', '', '', '', 1, 0, 2, 'Advertisement', '', '', '', 2, 1, 'On-going', '', '2024-04-05 06:01:31', '2024-04-05 06:01:31'),
(168, '042024-11', '', '', '', 1, 0, 2, 'Advertisement', '', '', '', 2, 1, 'On-going', '', '2024-04-05 06:02:45', '2024-04-05 06:02:45'),
(169, '042024-12', '', '', '', 1, 0, 2, 'Advertisement', '', '', '', 2, 1, 'On-going', '', '2024-04-05 06:03:19', '2024-04-05 06:03:19'),
(170, '042024-13', '', '', '', 1, 0, 2, 'Advertisement', '', '', '', 2, 1, 'On-going', '', '2024-04-05 06:06:50', '2024-04-05 06:06:50'),
(171, '042024-14', '', '', '', 1, 0, 2, 'Advertisement', '', '', '', 2, 1, 'On-going', '', '2024-04-05 06:07:52', '2024-04-05 06:07:52'),
(172, '042024-15', '', '', '', 1, 0, 2, 'Advertisement', '', '', '', 2, 1, 'On-going', '', '2024-04-05 06:09:00', '2024-04-05 06:09:00'),
(173, '042024-16', '', '', '', 1, 0, 2, 'Advertisement', '', '', '', 2, 1, 'On-going', '', '2024-04-05 06:09:38', '2024-04-05 06:09:38'),
(174, '042024-17', '', '', '', 1, 0, 2, 'Advertisement', '', '', '', 2, 1, 'On-going', '', '2024-04-05 06:10:22', '2024-04-05 06:10:22'),
(175, '042024-18', '', '', '', 1, 0, 2, 'Advertisement', '', '', '', 2, 1, 'On-going', '', '2024-04-05 06:14:55', '2024-04-05 06:14:55');
INSERT INTO `cs_cid_information` (`cid_id`, `cid_number`, `cid_client_full_name`, `cid_signature`, `cid_client_contact`, `cid_platinum`, `cid_platinum_number`, `cid_representative`, `cid_advertisement`, `cid_claiming_slip`, `cid_unit_details`, `cid_remarks`, `cid_technician_id`, `cid_service_id`, `cid_status`, `cid_type`, `cid_created`, `cid_updated`) VALUES
(176, '042024-19', 'Fhranz Joseph A. Benosa', 'data:image/png;base64,iVBORw0KGgoAAAANSUhEUgAABEwAAAH0CAYAAAAnoLgFAAAAAXNSR0IArs4c6QAAIABJREFUeF7snQW4LFeVttePEwgOwS24Q3CCuwaXACEMBA8WPGiCE9xDEtwtuLu7DE5wCT64DsNfL+w9s2dPdXdVdXWflnc9T57ce7pqy1t9zj3767W+9f/CkIAEJCABCUhAAhKQgAQkIAEJSEACEvhfBP6fPCQgAQlIQAISkIAEJCABCUhAAhKQgAT+NwEFE98REpCABCQgAQlIQAISkIAEJCABCUigIqBg4ltCAhKQgAQkIAEJSEACEpCABCQgAQkomPgekIAEJCABCUhAAhKQgAQkIAEJSEAC0wmYYeI7RAISkIAEJCABCUhAAhKQgAQkIAEJVAQUTHxLSEACEpCABCQgAQlIQAISkIAEJCABBRPfAxKQgAQkIAEJSEACEpCABCQgAQlIYDoBM0x8h0hAAhKQgAQkIAEJSEACEpCABCQggYqAgolvCQlIQAISkIAEJCABCUhAAhKQgAQkoGDie0ACEpCABCQgAQlIQAISkIAEJCABCUwnYIaJ7xAJSEACEpCABCQgAQlIQAISkIAEJFARUDDxLSEBCUhAAhKQgAQkIAEJSEACEpCABBRMfA9IQAISkIAEJCABCUhAAhKQgAQkIIHpBMww8R0iAQlIQAISkIAEJCABCUhAAhKQgAQqAgomviUkIAEJSEACEpCABCQgAQlIQAISkICCie8BCUhAAhKQgAQkIAEJSEACEpCABCQwnYAZJr5DJCABCUhAAhKQgAQkIAEJSEACEpBARUDBxLeEBCQgAQlIQAISkIAEJCABCUhAAhJQMPE9IAEJSEACEpCABCQgAQlIQAISkIAEphMww8R3iAQkIAEJSEACEpCABCQgAQlIQAISqAgomPiWkIAEJCABCUhAAhKQgAQkIAEJSEACCia+ByQgAQlIQAISkIAEJCABCUhAAhKQwHQCZpj4DpGABCQgAQlIQAISkIAEJCABCUhAAhUBBRPfEhKQgAQkIAEJSEACEpCABCQgAQlIQMHE94AEJCABCUhAAhKQgAQkIAEJSEACEphOwAwT3yESkIAEJCABCUhAAhKQgAQkIAEJSKAioGDiW0ICEpCABCQgAQlIQAISkIAEJCABCSiY+B6QgAQkIAEJSEACEpCABCQgAQlIQALTCZhh4jtEAhKQgAQkIAEJSEACEpCABCQgAQlUBBRMfEtIQAISkIAEJCABCUhAAhKQgAQkIAEFE98DEpCABCQgAQlIQAISkIAEJCABCUhgOgEzTHyHSEACEpCABCQgAQlIQAISkIAEJCCBioCCiW8JCUhAAhKQgAQkIAEJSEACEpCABCSgYOJ7QAISkIAEJCABCUhAAhKQgAQkIAEJTCdghonvEAlIQAISkIAEJCABCUhAAhKQgAQkUBFQMPEtIQEJSEACEpCABCQgAQlIQAISkIAEFEx8D0hAAhKQgAQkIAEJSEACEpCABCQggekEzDDxHSIBCUhAAhKQgAQkIAEJSEACEpCABCoCCia+JSQgAQlIQAISkIAEJCABCUhAAhKQgIKJ7wEJSEACEpCABCQgAQlIQAISkIAEJDCdgBkmvkMkIAEJSEACEpCABCQgAQlIQAISkEBFQMHEt4QEJCABCUhAAhKQgAQkIAEJSEACElAw8T0gAQlIQAISkIAEJCABCUhAAhKQgASmEzDDxHeIBCQgAQlIQAISkIAEJCABCUhAAhKoCCiY+JaQgAQkIAEJSEACEpCABCQgAQlIQAIKJr4HJCABCUhAAhKQgAQkIAEJSEACEpDAdAJmmPgOkYAEJCABCUhAAhKQgAQkIAEJSEACFQEFE98SEpCABCQgAQlIQAISkIAEJCABCUhAwcT3gAQkIAEJSEACAwkcKyKene69Y0T818BxvE0CEpCABCQgAQmsPAEzTFb+EblACUhAAhKQwMoQOCAiDkmr2SciXrwyK3MhEpCABCQgAQlIYGQCCiYjA3U4CUhAAhKQwAYT+EREXDzt73YRccQG79WtSUACEpCABCSw5QQUTLb8DeD2JSABCUhAAj0IfD8izpCu3zUift/jXi+VgAQkIAEJSEACa0VAwWStHpeLlYAEJCABCewogd9GBELJPyLiGDu6EieXgAQkIAEJSEACCyagYLJgwA4vAQlIQAIS2CACf09CyZ8iYpcN2pdbkYAEJCABCUhAAv+HgIKJbwoJSEACEpCABLoSILOE+FZEnK3rTV4nAQlIQAISkIAE1pGAgsk6PjXXLAEJSEACElg+gT0j4kNp2pdHxN7LX4IzSkACEpCABCQggeURUDBZHmtnkoAEJCABCawzgftFxOPSBu5btBde5z25dglIQAISkIAEJDCRgIKJbw4JSEACEpCABLoQ+GBEXDZdePmI4O+GBCQgAQlIQAIS2FgCCiYb+2jdmAQkIAEJSGBUAkdFxO5pxONGxF9HHd3BJCABCUhAAhKQwIoRUDBZsQficiQgAQlIQAIrSuA/I+KYEcH/j72ia3RZEpCABCQgAQlIYDQCCiajoXQgCUhAAhKQwEYT+K+I4PeGX0fESTd6p25OAhKQgAQkIAEJpF98BCEBCUhAAhKQgASmEThZRPwyXfCZiLiouCQgAQlIQAISkMCmEzDDZNOfsPuTgAQkIAEJzE+AFsIvTcMcGhF3nH9IR5CABCQgAQlIQAKrTUDBZLWfj6uTgAQkIAEJrAKBF0TEbdJCbhIRr1mFRbkGCUhAAhKQgAQksEgCCiaLpOvYEpCABCQggc0g8OmI2CNt5dQR8dPN2Ja7kIAEJCABCUhAApMJKJj47pCABCQgAQlIYBaB30bErhHxj4g4xqyLfV0CEpCABCQgAQlsAgEFk014iu5BAhKQgAQksFgCCCXEnyJil8VOtVaj3zMinrJWK3axEpCABCQgAQl0JqBg0hmVF0pAAhKQgAS2ksCeEfGhtPNvRMQ5t5LC/970sVLXoBNFxF8i4nsR8eOm++AjIuL98pGABCQgAQlIYDMIKJhsxnN0FxKQgAQkIIFFEXhMRDwgDW6HnH+BeE9EXGkC8Os2bZffvKiH4bgSkIAEJCABCSyPgILJ8lg7kwQkIAEJSGAdCbw3Iq6YFn7TiHj1Om5ixDVTgnOPNB6lSnWZklk4I8J2KAlIQAISkMBOElAw2Un6zi0BCUhAAhJYfQK/jogTp2XyfwxgtzUOiIhD0ub/KyL2iYiXRsS9IuJJBZQjI+IG2wrJfUtAAhKQgAQ2hYCCyaY8SfchAQlIQAISWAyBv6fOOPwf745tjj9GxPEj4ncRcZuIeH0BAx+TMxZ/v31EHL7NsNy7BCQgAQlIYN0JKJis+xN0/RKQgAQkIIHFEdgtIn6Shv9ZRPD3bQ3KkihPQjg6XUT8tAJBhgmZJjkwgeU6QwISkIAEJCCBNSWgYLKmD85lS0ACEpCABJZA4OCIeHCa56MRcZklzLmqU7w8Im7eZJZ8JyLOOmGROQOFlynZOeaqbsZ1SUACEpCABCQwm4CCyWxGXiEBCUhAAhLYVgKIA2dOmz8sIvbbVhAR8YOIOH1EPD0i7j6Bwxsjgi45OW4UEa9bIjOe1X3TfE+IiO8ucW6nkoAEJCABCWwcAQWTjXukbkgCEpCABCQwGoG/Fb4l+0bEC0cbeb0GOkZEwIL/nzcivjJh+beIiJcVryGWIJosKz4XERdKk9HNiK5GhgQkIAEJSEACAwkomAwE520SkIAEJCCBDSdwsoj4ZbHH00bE0Ru+50nby/4l/xkRx57CAFPcv0ZE/v0Kn5NTL4nZaSIC49m8vm9HxO5LmttpJCABCUhAAhtJQMFkIx+rm5KABCQgAQnMTeBhzQgPT6Pgx8FBnP9vY9A6eO+I+GaTQXKOGQBy6Q6X/SMiThURv1gCNJ4Vz6wMhJ73L2Fup5CABCQgAQlsJAEFk418rG5KAhKQgAQkMDcByk7OnUYh0+QUc4+4vgN8JiIukkpxKMmZFk+tPE4eFBGPWfDWzxMRX26ZQ8FkweAdXgISkIAENpuAgslmP193JwEJSEACEhhK4C8RcZx085ci4vxDB9qA+7L57WMj4oEz9oOwREvhXBrzxYi44IIZPLLxWDlQwWTBlB1eAhKQgAS2joCCydY9cjcsAQlIQAISmEngnE0L3a8VV1GScquZd23uBb+PiBNExJUi4n0dtvkfEXGSdB2eJtyL/8mi4mcRcUoFk0XhdVwJSEACEthWAgom2/rk3bcEJCABCUhgMoFPRsTFipfxx3jEFgPDu4XfmY4fEX/uwKFuL3zZiPhwh/uGXHKbpvXzC1puxD9l16bN8B+GDOo9EpCABCQgAQn8j4u7LCQgAQlIQAISkAAE6Lbyo2TwesyE5FIR8fEtxYNwhID0p4jYpSODq0TEu4prD2uY7tfx3r6X1eJWvp8sFzodGRKQgAQkIAEJDCRghslAcN4mAQlIQAIS2FAC746IK1d7QzgZq0MOpT0Yo34+Im4REZSTrHKQWfPQxsj1VxFxooiABYyuNmXRtBcmEyULTt+ICMqcxo6zN917GLstXtZ09bnl2BM6ngQkIAEJSGCbCCiYbNPTdq8SkIAEJCCB6QTOEhHfTh1XcjeYv0cEAsAYcc9GdHhSKm9hvA82niCXH2PgBY7BGimpocSl/L3p5ElEmTT1URGxe3oRhviYYKQ7ZjyzEZzuMmHAOzXZQs8dczLHkoAEJCABCWwbAQWTbXvi7lcCEpCABCQwmcCHmuyJPSPiORHBgZv4xQRD0SEcSzNU7keEIEviW0MGW9I92fC1nm6fRhB58ZQ1vCYiblS8foWI+MCIa8bk9QdNy+LjThiTVsNf7ThfNo39eUScquM9XiYBCUhAAhLYeAIKJhv/iN2gBCQgAQlIoBOB7F1ChgmmpfdKd30hIi7UaYTpF5Fd8uSWS74bEWS2rGLgWTLJNPUVqaRo0roPiIhDihdp+/voETdZCzLl0Ig8J+3Qmaftmdw8Il454jodSgISkIAEJLC2BBRM1vbRuXAJSEACEpDAqARyZxc8Rm7ceIxcP43+zoi4+ggzHRERt03j4IdyjGLML0YExrJ/HGGeMYd4YVOiRCZJW3w9Is41ZbIbRMTritdnCSx91o2Q88uIOF666W8RcexiAAxnp3ms5EspETpONfFLmoyfW/dZjNdKQAISkIAENpWAgsmmPln3JQEJSEACEuhOAI8SusBQfkOmCQLG+dPtz2gO5/t3H2rilWU5zp0j4tnVlYsyRh269N0i4ujCt6T2MCGLg7a9kwLfE/xPclAeQ5nMGIFp7t2LgX6bDGnzl+jS854ZE32mySS6SLqmFLBW7TmMwcsxJCABCUhAAoMIKJgMwuZNEpDAFAJ7RMSn0+sXjQh+KTckIIHVJvCYpqvLA1I3mINTW+HTpiUjbuBpMm/QNQa/jU9ExCWb7AwyLm5WDXr/pnXv4+edaIT7EUu+WQkiX4qI8xVjIzLkLjhtUyKOfLl4gf2fMCIwgJ0nzpCMebMRLwLHOap1YTDLfJOi7K6DbwlZRLmjDtkqddbJPOv1XglIQAISkMDaElAwWdtH58IlsLIEflqYBmIkyMHDkIAEVpsA2R+IGZR6EGWpBt1yvjLn8q8dEW9OY3yuyGx4UVX+wbysYawWxkOXTbnLyYqbyS55WFNGdFDxtf+symDquU4REYgRZZwuIn48dFHpvty1Jw9D++C9izH5GXzqKXPs1XjSHFm8/sAk7FCSlQNBC2HLkIAEJCABCWw1AQWTrX78bl4CCyHw0eRFwOCvTV4IC5nIQSUggVEI3KQpFXlVRBzWZJbsl7ILyva3x5+RrdBlEXh54OmByEDmBdkbOcrSEL42ptdHl7XV15AhR6ZcGQg+J2k6+ry0+CJlMCeeMQGCCcJJjnmz7m7RZJMgkOSgZOgj1c9ZMoQeOmFdZMh8thB6fhgRZKwQiFT590LMee89BJ73SEACEpCABDaJgILJJj1N9yKB1SBAnX42Qnxkk37+kNVYlquQgAQmEDgqIs6YPDAo4+BQ/e/pWoSTbCw6D8DcmvfDjbcG3h5l4JlCe9xc3rKTJSG0/b1ctb6vNV1jzt1weGzj80LJUA7WDLdp8akmswaRJMc1m3Kktw8ESZnMryMCAYv4TVoX5TRlqdD1GsHnTS1zwJlMIYQf4vupO1HO5inbJ9NeuuYwcNneJgEJSEACElhfAgom6/vsXLkEVpVA+YkqnRbouGBIQAKrSQBjV9oGc0C+fFriXZusCIxeiVnlHV12tXtEIMpQ1kL3nbJzTL7/BRFxm2KwBzUlQviqLDPIqqDNbh1PjIj7RMSrq0wOxJCLz1hg3WWHDkRllkqf/X0+Ii6YbkDkoP0va0I4OVEx0KSyH8QShB8Cg19aOfN8c5SCCX4t2fS3zxq9VgISkIAEJLBRBBRMNupxuhkJ7DgBPgHlF/HcLpRfzvl01pDAJhPgsHq35AFChgZ+IGQqkG216kF2Ah1VLtCIARySidJXBDHlQnNuAvEFEWZatgqmpbTpzUHpDp4qy/IyeUrz3O5R7ZOfZWRzUEqE5wflK4gRORBD9p3B5sCIINMuB++TZw7gifjMc8mBH8x1k9/LH4qvT8rOoTzyhum6trIoXvprUaqTjXkHLNVbJCABCUhAAptDQMFkc56lO5HAKhDgE2I+KSb4NDkLJ6uwNtcggXkI8O8l2QSYae6ZSjEor5jWVpb58It4dyqleFbKBphnHWPeS8cWSjzwwcg+Foz/8Yi4RJpoDD+RPB7+RpeZsoFakHhbRFxrzA1PGYvymtMXr38rmVfzfPEpwa8EoaHsitPF54OMGrJAchzQZIM8qeeeThUR3ytKozDTRuAiO+TqVYkP6z5bNT5CyWuSPwk/l7nnXdU1/Kwuu/dgLJszjnou18slIAEJSEACm0NAwWRznqU7kcAqEChTvvnUkwOZIYF1J8Cn7bNKL7rukQPrj5pD68eaTjF0JdnJkrWnRcT+ja/FTatDPQJK7rJCKQolKfMEGTf4Zswa644t7YvxQCozNOZZx6R73xcRVyheRBgh4wXxARHh2Oln2e+qAWjDWxqwto1PWcsXixce3ggXj+ixCbJsEHNOme5hDbR7pnyG4NmU5qwI1rctxkdswauEcXjvvbgqfcqXcl1ZnkPmEcKKIQEJSEACEthqAgomW/343bwERiXAgehXRZeFn0QEJoOGBNaVAO9phI1sYrzIfVC+856mPew30gH3DYucLI3NoZsSjpNWc1FWxAGbmLerC2Pk7itnbQ7r35mxr7rNMId8SmWeviAetVjCNI9qBB5KdPBjQuyhvfDjI+K+xRoQUihBnFUyhGEupT05DqnGmbYtslm+XRjL8qwQacqMFVo0lyVTN0sdj/K4lESeM/3lLU3GE4awbWsmk4fXcyDkUQZkSEACEpCABLaagILJVj9+Ny+BUQlwwOOX8RwcjDggGRJYRwJXTRkgY3SImWf/v2x8Mr6b/DMwGeXvZBEgaswTmJtSUkK2A1kPOfBjwUSUGKOsLnuTIDAcq+OC+dlx5upaDGAxgh0zarGBsbPZ6cWacqBPJvaYo9I1qOxE08fjg+d3prRwyrLwc+kSZYcdRI47N9klh1Y3lkatvEQmyi/SNdk7hr/yTK+USsTa5j6o6miGQHX3Lov0GglIQAISkMAmE1Aw2eSn694ksFwCpWEgM+ONUH9yvdwVOZsEhhNAmCCzoIw/Jr8Pys0QLMigyt4fP07ZIZNmRHhBjEBA6CoczFo9h2D8LCihQbCk+wyH8y5BBhgZNLtUGQfXbrJKMBQl8O3Av2OeoOSH0h8O8bmsZNZ4+HNgmpvb3+br+RqZEDyHeeIUqb1uvR48VChxIbvkJilTA/+VSyXDWjJKcswqLyrX99aIwO+G6NqutxYwrtGs4x3Vpimb4tnnKEXqsycT3fx73u2b9+rhU6DR7rn0l+mTCTPPs/BeCUhAAhKQwEoTUDBZ6cfj4iSwNgRy29Bywfg0lCaKa7MZF7r1BDB15WCbA+Hg0U3HlMeNRAbBhEM45S57pPatHHDpyDJvIFwiLGCwivfFqyKi9t7IHVcOa/xU9qsm5KCMMSmBJ9F551zQy1P7W7I5LtJjrKulDJ9cGpRvxV/k7alDTI/h/vvSI5KHR21I/f6G2xWLAfHwIMsI017KYOqOR2Umx6x1PKcRNvBnIXJ3m2n34EHCOnMguCBk1YF3Sekv89hG2HlguqjMPHlTlf3XNned1cP7gveHIQEJSEACEthqAgomW/343bwERiNQ+w4w8ND2maMtyoEkMJAA5Qi8fwnEhytXHUQGDjvzNrqbIKTcZeRsFLJlKCnh4I7/BV5DCBEnaPGzQChCMCLG8LGgxAXRhVa6melMEOkCsnfIqqA9eR1dRSyyQsisoB0wBqxkl9RBlgZGqmVk7w9KlvASeXDxIpk9dfbLtD3dq+iMw/upNJit77tOI6IhcORgbReuDFnza+Wz4msXTAazzHG5dBG+J5hvI6RNC0qmsog0qTVx1+fmdRKQgAQkIIGNIaBgsjGP0o1IYEcJYI5YHkT4RJvyA0MC60iALID8if5HCgFhJ/ZChxZEFMolEDno1sP3Gtkp8/wb/pdU2sIYjEuZEeakCAv54IwJ7etTpgHXDwnuQ7Sg5TjC6pCgtTGtcWFRB+NTlkR2DmWAWcyAEeVGbffkMbh+n0qgyK/lEkNKqJi/zI5BxKFEpmuw9temi6d5O+ExAvMcPA8ybSiXaYvy524WYvBHQfDL740u3GlzjKhTcrGcsuvT9ToJSEACEthoAvP8srXRYNycBCTQmcAZmzaW36uuxgOg/AW882BeKIEVIPD15DXCUsjKwGxzVYPsA3xGEAdy62NKfjho45tCuRyvjR0Ywta/Q+DrgqlpLulhTkpoyNBA8KFMaGhQHkPmRV2iM2Q8DFQxvMWHpC3oikQJDnuEIeUtWXgh+wIB6zM9JkZsydfnrjv17fwcJWOE/xPMfWCzX8xu24L1lFkjZMJQRvTBxJt7MI2d1Q6bEh7KzcogIwfPE0MCEpCABCSw9QQUTLb+LSAACcxNgIMHHTdy8Is+bS6/OPfIDiCBnSFAtkUWGT6fSiJ2ZiXjzMq/9ZRr0BZ376Zd7LdS1508OgILmSW7NtkJJx9hSgQJ2iNTSsPPA4I/U+YyT7BODvM3SuVEfceiNAlPlfvPMI5FfHhoyrqhFIefcTkQPsju6ROU7yCUEPAg4wYhKQelR4hJpecT3jO3mNK2uMxaQcRBlMGgljIrgmcApyOnLBRhCJ+a8ndBsm7wcuF9b0hAAhKQgAS2noCCyda/BQQggbkJfLPxOsB7IQefMo9hXjn3whxAAgMJlO/prl1NBk61tNt2awxeMWKmWw3dVdqizDb4QvJuwfA0l+hw8KfdL1kQdNnJGQ4IGfiD0N2mDMxZc+kKJR4cxscIxCx8Xmh7i8jQ9rsMnhzsF7PZd0XEC1OmSJf5EQsQmBAT8P/IWR8IE/+WvF26jJOvgR8iXG5RjV9K7m6DUEU5DZlAOchuQXSe5jvy1KLt71Ep8yZ3bGKcWVl+MMQUuO4ERWYg9xoSkIAEJCABCcxZ/yxACUhAAhwEOESUHSfGMIqUrAR2ksAjUzkEa9iU93NuG0u73NdMgJs7w/AyHYEe0PMh3LTJJHllcQ9dVnJpB6U0s4xHe073z8sRcci2wDMJUeL5VfbGkDFzh5l3N/4hVykGoHXz9YcMmDJu6IREUCZDuQzCMhkglE/lwJcE35RZ4hIZK9l4FmPd8xVjsH6yRxCMJkUtdHMdmTePH7g/b5OABCQgAQlsJAEzTDbysbopCSyNQH1A4lPd86TDwdIW4UQSGJkAJWa5DGMTPnHPpRd4s7R1nCkP69m8eUgJTWkeipBKi+Lc5rbP7xtkXRDTDvwjP/L/Ho65f5j+VgoRlNJcrKd3SbnGUozaK/mxkIFTiiWU6dBmelY5Y7nGNg73aDJHnjYF0LObDKE7Va+TgbPvoqA6rgQkIAEJSGBdCfT5BWZd9+i6JSCBxREou4kwS9/uEYtbmSNLYDiBUjDZhAwTTJkpXSFzAf+StiizxYa0la0zFsigQKC5VfLTwPi1S5Ahkg/udNWhy8syoyxLIlODkhyCTJAbzLGQFycWDEEnG9r+3qwYD0EGcY5Sm1lR/tytzXd/3GTZnGlKlg0ZMnQ+KuPbVUnQrPl9XQISkIAEJLA1BBRMtuZRu1EJLITAb5NRZB4ck0JacBoSWHcCueQht6ld1/3QCeYJjX/GY4tsj7a9XLcxDn1jeuHfW/xI2u6hUwuda+hgU5blce3dksHspVPZHkanswJ/FNrulpHLV2bdO9brn00mv7UQgdiEKDQ0yjIvDF7hkoO5+NqVm2c0q30zHP9YdMIp14PQRQkRnXLaAp8U/FHKVsuIaZdoOkH9dOjGvE8CEpCABCSwyQQUTDb56bo3CSyWAAaPGEPm4M8YFRoS2AQC74uIK6SNPGhKe9dV3iulGwgQf0qth6etlfbJd0wXUEpDR51pQXkKjHJXlnwtB35aC987IshcOEs64NfXTRo7d9XJr9Ox5uFLhAwrzFnxW8kizxgZGGSVPGPCPg5OXXm6bPNhU3jMMnr9ciqZzPOwV7JcEL0MCUhAAhKQgARaCCiY+LaQgASGEnhrRFwz3UxnHOrmDx06mPdJYAUJcPjn0EyL1q4lJau0jY9FxCXT9yl+GdOiPEzT9WpS6Q7Gpa9OXWTq8fDgQGjJXVYwLj1xMjClS06XqAUT7lnW7yqIO4gjRM4w4f+0GCZDZJ5oK4XhfUXJEll5bftum+/7TWvlshtOvuZXqd1xnaGTXyfDCFPXHMx34JoKgfM8B++VgAQkIAEJ9CKwrF9Cei3KiyUggbUggMFrTsOnbWdpXrgWG3CREphBIIsICAFlGcO6gKNkjkN57qYybd2/S34d09qCU3KHxwgdb+rg58HVI+I9xQuUiNByGPNWPFS6RJtM57s1AAAgAElEQVRwgECQjVi7jDH0mtK0No+BaIZIRAveeeKAZIKbx4AX5VJ9Wvhi3ktJTR0wu07TfQcRuy0unMxq8+98vCfo+EN3oTJoMXzF5lnR3WjX9PMdH5dzFm2Q52HgvRKQgAQkIIG1I6BgsnaPzAVLYCUIXLv5NBPjwRzLOtCsxOZdxNYQuEbj7/C2tFu8IUoxYNUhkLmA0ejTI+LuMxaLoIJnC/GZlKlQ3kKWCl2D+H9bUNJx68a0FL+XHJS1UPJBYP7KYb9LtAkmD24Eq0d1uXnOa/BuKdvzMtxYxrPlvvjz/hHxzJ7r5b3Ie7KOtyTBZNJwuU1yfv0TLc9yzyaLitKgXIZWjkXmYC7X6rlkL5eABCQgAQmsNwEFk/V+fq5eAjtFoPR3+HjTHedSO7UQ55XAggnQdeQ0KbPi3xY815jDfz4izp88RsgamRbs6/B0AeUnHJwJfEfwzCATou33BQ7iZE60leKR1YCBKvG5xlD2Ih031yaYkDmBSLvoyBkxeR4yizBinWSi2mU9PAN+Ru5SXEypVGn62mWcU0cE78X6OWAAS1ecX0wY5NOpVXF++Wvp79yXg5bCCIKnnTDG4yLiAV0W6TUSkIAEJCCBTSOgYLJpT9T9SGDxBPByIE09ezrs3aRsv3zx0zqDBHaEAJ1j6CDTJ0tiRxZaTLpbRPwkIj6ZOqDMWs+rIuIm6aJTpsP3HVJWSXnQz+NQ0vH+iLhxkZlSz3H7iHhe+uJ7k/Awax283iaYkP1Cucgi4/JpT+Uc302mtUPnpT013iF1CdOQFsXwZo11IGQgaLQF2TFk/uT4QxKuvpG+gBhE22zEmGmxT8pWGsrB+yQgAQlIQAJrS0DBZG0fnQuXwI4RIL3/qWl2DBLP23z6OOsT7B1brBNLYE4CuSyH8pI28WDO4RdyOyaidD/h+5RD+6ygtewZm842eJ6cNbW4pY1uW5ChcOcWcaG+lk47ZJ8QrAf/ky5Rl49wDwItJT6LjMysnOOJKbum77z8bvW01Fq5vJeSJUxw+2bM8Gx4RnWQRUQmT1u8rulidoPiBQx48SL5WTIypkUy49ZBlg3PoDTp5Wf8V/pC8HoJSEACEpDAJhBQMNmEp+geJLBcAnw6iQkiQZtMavENCWwyAUozyKjiEMnBc9UDATOvl8PvrMjdgCj5IDulrSMQ4uhdmvK7d8waLL1O1tnN058xEd2v430IMhzsyyDrJBtMdxym92VHV5kWPHMyaDBH7ROUHuE1cqripqOaNsW0piabg65L/Ayt9zhtjp83P2tPUV1Alg8lND9tuRHWjy/MfrkfjxIMeCmfooSyjSfvm2cnv5JSHCRDhjbLhgQkIAEJSGDrCCiYbN0jd8MSmIsAtfKkqRP8co0J5BfmGtGbJbD6BHJ7XrKrMFFd5aB8Ak8KMgLIDJgVF2/aDmMCOiloY0tGCW2JOaR3jdLn6DFJMOhybynIltcjQHDwX0QgDlCuUgYZHWfuOdlFE8tSjGA/dA/i5yb/8TP09S0daqZNVXYk4zoEJEpxEEXqIKPoCUkc4TUyRh4eEbQ1Zn1tv/fxXPFpoYyKZ5XLs7if7kkn6snByyUgAQlIQAIbQ0DBZGMepRuRwFIIvCAibpNm6uqPsJSFOYkEFkgALw4Ok328OBa4nKlDZ8GBNt+0+54UCBCUhuzRcgEHdESU+zdmoB8euBGE1Auke+/aZFw8q+M4kzrBcNing88iApNbOvGU0Ufk4T5MafG7KcUSsnJ2LwalNTHtldnjtTpu5LUt4gplNWQC1VG3RUYImZaZQ4kQ45P9QqYK3c4Qdcp7+pYPddyWl0lAAhKQgATWg4CCyXo8J1cpgVUhgMfBrukTTj7dtHPCqjwZ17FIAmRSkWXyqybD5OSLnGjOsS8XER9ojD6/1ZR/nG3CWHRtOSIJJfXvAJShvDuJQz+acy2IBWdJY9CF5/kdxqMrD2a1J2y5FhPabCLbYahel3w5Is5T3PHLVFLTNaOGn4OILpS8EGSA0IYZwQmmOXKGSR8Ros4uoXyK+Z7SssO6y88kCAgl3E/mSRlfrdo/02b5Qj0zi3qB92IJSEACEpDAqhNQMFn1J+T6JLA6BOgUwieoBPXsp5vSynJ1Vu1KJDAOAd7zx15xHxPa114i+QrhL1TGSZqMD4xAEVXaPEo4LHMvJRhjBMJHzoK4ZirpmTbuuVP74bqjTL4HQYKWx4sIygvLeR/VknEyad6cfZRfRyBBiGCMOhCyMNXtmqlEaQ0tncu41wSxJLe/nrRORBzKtDCybROvyBwkg7CMhzQi0CMXAdwxJSABCUhAAutCQMFkXZ6U65TAzhP4dJG+/8rC0HHnV+YKJLB4AnQkuWA6wHLoXLUgm4MDOVkRdJTJmQ2UxdCx5qotC/5hyqTAiPRKTdtafEfGCrI0citgTEYRcyYF5U6U7CBITQqyYm431uKKcTBD/VDxd7ohkVWRW+9OmxID1dLMFlGN8pZJ748smHy0KZe6TIe9ZAEsX0pr4Su23EdmC9kldbAXypjemcxe2wxi8z1ZEMx/J5uQcqJfdFinl0hAAhKQgAQ2loCCycY+WjcmgVEJ8LOCVHAONBzI+GV/2gFo1MkdTAIrQICMDbw4KKvIpSYrsKz/XgKmrJiL0uWEbjYcrMkOuHTLIunaclA6SJMJwvd0W9bJPPsjUyWX1kwSTBAmaL972WqixzYmrPet1oTXBl1rxo7DI4KSoRxkX5R/nzTfm5NvSX6d/V6l8SbB22lSZH+ZTzX+MZjtzgqy+o5MniKUSOF/MinwNTllKgdCAHpV8/dnzpqgEVSYA7GqHntSJkuHIb1EAhKQgAQksDkEFEw251m6EwkskgA185ggEhy2clvhRc7p2BJYJQLnigjKVmjTi4/PKgWZHByYMeu8W1NWc0Aq/ajXyPrx1XhTegFhAMFgESLQHyPi+Gmec0TEN5uOWjdIJUH4qJDRUv4OQskIoghiD91wSsGFYVjz9RYAnQyK0pdmVjYMS8AIt8wQwRMEAWRWVkr2CMEQF7GoS/BsEb9gMysQPzCULX1Tpt0zSSxZxff4rL37ugQkIAEJSGAhBBRMFoLVQSWwcQTyJ6McaqippxuDIYFtI5AP8QgmHCpXJV4WEbdIWWBtHiB4V/B9y2G6jNz16iVNOc+tR95M6QtCBsM1Jog4uaUt7ZDpIpPj6Ig4dfF3/FduNPIaESMoHcoxSzg6cZNVQnZIKRhTyoIp8Oc6rI1rEEq+FhF4tuxk8DMccap+v/A8Lj9Hd6Sd3JNzS0ACEpCABEYnoGAyOlIHlMDGEeBwyCeo/LzgkHjSHp9gbhwMN7TVBHJmAeICIsMqBEII5qB10F3lLSkzbFL5HN1hOLhjBDu0fXAbA4QO/FHaynwQXcmGwc8DoeeFE8QnOrScrxi8a6lMn2dCiVVpjktJzXsmDHCiJsPls1WbYLJT9ooIPEm6RPaBqtsNd7l3rGve0Xi2XHnCs6HsEv8bQwISkIAEJCCBREDBxLeCBCQwi8CByQuBg87jmk+xHzjrBl+XwIYSwNCT7ieviYib7PAe+T6kvIashzIQNencwuscgKfFfzTZYggB2Ztoni2dIgk312lECP5cBlkLCCSsi2yTP3SYCOGCsp0ciEL363Bfn0swRL1IugGT05plHgsfGASl8ncmxBK+TqlR18Df5GIR8b2mI82Zu9400nVklNy26bBDt6S2QOC6QnpOI03pMBKQgAQkIIH1J6Bgsv7P0B1IYNEEfp0OEggmZ0yfHC96TseXwCoSyCUcO3HgzTwwQ0XErA/3dEBBVMBEta1jSs0TvxO8Ljj4n2oAbDw7aDuL4IDZ6LQON4gDMOsTL6rKhO6R9tZnjFnXkoUDBwIxpi1TZ/8mq+6plVhC9su1qxKiWXPx+rIFE1q/0y74zjMMYxFLztBlA14jAQlIQAIS2DYCCibb9sTdrwT6EdgtIuiiQWDEOORg1W9Gr5bAahOgPI2yhTavkEWunPa1dI/JrXqZCxGTf8c/NqEbzrT14KWBpwbdXjD/nBSU1WDSSrkKPiTcV5qk1veRPfKG1NGGdsXEEM8XuvggyOSgAxDtcceKSxSdvuCYhZNyfMqubllNSLcaBKCuxqrl7bkkZ5GCG+IV5rpki/C8KKFsC9ZP1szBTUnWe8eC6jgSkIAEJCCBTSOgYLJpT9T9SGBcAq+MiJumg9mdIuLQcYd3NAmsHQHECUw+OYiSfbXI4GCeDVPLf68xKuXwjYjAwRcRAz+SPpENXy8cEZ9PAhBtexmPciPE0j07DviriHhF8iSBDyU4mKHmrBMEFq7pEwgVpU8MGTWUzYwVb42Ia6bBMJg9bTXwPZssnidXX8NzBf8a9jcksmCCifY5hwww5R5Kbnhu01oPc/v7U9edkad3OAlIQAISkMBmElAw2czn6q4kMBYBPi3eJSLwOig/2R5rfMeRwLoRyD4mCIjPHXnxfK89MiJumA6+pWkqh3QyAShNoesN7b13j4hXNe2Ob9ZzHYyL2ENWxQeTueqsg3Y5BSU/H2ha6SI64OdSdrfJ15WCyZAME/xBPlJMylrJBBkrEIYyX5iX2SznaZ7BFytjVAQhOhHNE1+KiPOm9tTMMVZgOks75GlB2c0TGw+Tp4w1qeNIQAISkIAEtoGAgsk2PGX3KIFhBK6Vumxw90ubA9qthg3jXRLYKAK5lIXuLvuOtLOHNaLD7RoB5jSNYHKsYkw8NuioQkYCLXWziStZDnh8IEqcq/Gp+M6EdVASQ0cUDueYu1KiQUvcSWUa07bDoZzsBP5DuGFt0wKBJ/+OMSQ7hHtyBs+kkpmh+OvuOJSx4OWSA7GEMqQcR6Yyl6Hz5fuyyPWFlBU073jcz/sC0WpSUP6DSKJQMgZtx5CABCQgga0joGCydY/cDUugMwFakVLnz8EHs1dq9w0JSOBfZSsYf1LOMjQoU0GIxBukzCRBiCCDhNcogSO7qwwyLSjJodsJXasekF4k24Tsk5snQ9g/Ten60mXNX01dbSjXYT2YyvaJMoNjSIYJc+WMEjJash9KnzVMurbMfvljY/Z6guJCTF4xzs1BKRGtl2mFPG/w3MjUgyeZJmPEmZKolj1YyCShVTLZOQg/Y5YxjbFex5CABCQgAQmsFQEFk7V6XC5WAksjcML0izY/I/hUlE+lDQlI4F8EMELGn2Oa+ekkVhzOX9wYru5VGY2SRfLwiHjdjHbAjy5aBmOuerUprWL7PK9PpIM8vkV4bXC4nyf+XBjjIggN8f3IosuYggllVHcoNoZXCt4kORBQjl/8nW44lB6NEVmo4f1DNtFY8ewklL28EXbuMtagjiMBCUhAAhKQwP+ky8pCAhKQQEkAs0NMD/mEl/R/Pu02JCCBfxFAULjgjFa6JSv8QSiLISOEkp4cZJPQpYbMkLrtLtdx+KV9L+1hKaMpM1H6PAuyQ76f1o0ww/c3AgnZKWSikD1GZsKYUQomQz+cyYIJYsvQvdd7KlsJs0YErCzm1F4gX08lT2Nx4RmTrUd20gXGGtRxJCABCUhAAhJYHIGhv8QsbkWOLAEJrAIB0tA5oH0tpaOvwppcgwRWhcDhjQDxb6nkZVbJA94hfD/VBq5vS2JkLrm5cyrxoSXsKQZslHbHCDmPn9F+9wkRcZ/kmXLEgHm63oLfCmU08/iPZHFjLMEkdwbKe6h/vv0uIsiuy0HnHDrojBV4lyCUfDcizjLWoI4jAQlIQAISkMDiCCiYLI6tI0tgXQlctThwvT517FjXvbhuCSyCwO2Tv8f1G5GDspi2OFXTmpdSCTxKEE3aggwKBAWMXof8e/zzxgvj1an9Lu18u8S3IuIMI3uCtM2by08QPUoj2y5rzNdkDxPGOm6fGydcm7t+5Zcf0xjn0vWIuE5EvKm4jzbN5xthznKITzUZRRdNBrMYzRoSkIAEJCABCaw4gSG/oK34llyeBCQwJ4Gclo5vAGUEeJgYEpDA/xDAaJMsAdq0kq3RFgc02QqHjATt90l0OF7yFqHt8IcGtNnFKJZsF0xHxxYD6q1mwQRRCL+XvoGh7mfTTXSwmUdgQLB5Y1OGdM1qEbsVZq5vj4irF69fMXUE6rvuadfTwvmyEUE2EM/CkIAEJCABCUhgxQkomKz4A3J5ElgyAT4Jp0SAjgu0Kj3rkud3OgmsCwEyJ94REbTfbotTpy43eJBwMO8SlJ7gN4LPyGfSIf8DzTiUhuAxwr/ZtAZm3iHxkOZ7+6DkmVJ2ghky1qx75hVMWCfrJb5UtfmdNXf9ehYqyq/XIgw/97KIQSZKWZrTd75J1+d1UMZF22RDAhKQgAQkIIEVJ6BgsuIPyOVJYMkE+EScT8ZJhafsYJEeB0vemtNJYFQCHHoRN7p0kLpuU+6xR0ScOWWm5IXgmcEYZHxQwvPu+FfL4jrwJuF+skouN8cuKDM514gGqtOWkj1MhpbkvCcirpQmeE1E3GSOfZdiSB7mhc2z2LcYk1KlLBD/Onk4zTFl660Y7SKgmWEyNlnHk4AEJCABCSyIgILJgsA6rATWlMDPUuo7/+cgOMvQck236bIlMDcBStXIEpinVKTLIuiW87kkYlKKc2SXmyZcg3iBQEPGyqIjG6gOFUzK9r50ERqaEZPLkMrfd9oEC/xL8DEh6J5TthYeixWCFWWOlEUNaUk91jocRwISkIAEJCCBjgQUTDqC8jIJbAGBSzY1/Nk4ct5PdLcAl1vccgJkKOw90J+jD7ovpnIUvjcv3efG6lpaFD+zaaNLl5z7zTFO11spL8q/Y/T9XYOSQISWHBjnknEyJOgadN/iRrLnntTiPfPYpsXy/YvrKLWik9GYQWtnDHd/nFpFjzm2Y0lAAhKQgAQksAACfX+JWcASHFICElgRAqT779kcpvhk93QRQVp6Gfds/vLwVDLAp6+k3COsvGwB5ogrgsRlSGAigdyelzKb7y2IUxYxER/OOacBc/bPICMG/45FBuVFZLIQQzJMyKR57Rz3l3sjm6TsUkTJ0wVTGVR53Y3Sz7P8tVumn21jcvplkylzMgWTMZE6lgQkIAEJSGCxBBRMFsvX0SWwLgRo2YnR4TEjgm4RZTcJ0tTxMplWevDOiLhZi8iyLvt3nRLoS4DSCsxI7xARh/W9ueP1uWPVWyPi2h3vmXTZn9L3+CnmHKfL7WTevDRdSOtjBJQ+QTtzWjYTX01lLH3uz9fukvZc3vuWovSm/PrZIuKbxRcOjYg7Dpl0yj25zOjbEbH7yGM7nAQkIAEJSEACCyCgYLIAqA4pgTUkcHCTOfLg9GkwB7PchSObTXbZEp4OXQwwu4zlNRJYdQIID4gBlLncbQGLPX9EfCGNS4tbuuUMDTLHyCBD2Nlv6CA97ntFElC5ZYjgAdcs7MxTQpR/ruWlH92U2VwiIn7Qshd+HyL7hHIgYhE+I3ijIE6TkURmkiEBCUhAAhKQwIoTUDBZ8Qfk8iSwJAIcIE5ftRL+cERcppqfQwSHGUwjd21ZGwe79y9pzU4jgZ0mgB8GmRS3WsBCcgkN34eXnXN8jGL3SuMw3qKDrj/nTpOwj8v3mJDyGcpoCFoTIywgdAwJWqOXwsSnUpeaSWOVnXK4Zuxnm31dbCs85Gl6jwQkIAEJSGAHCCiY7AB0p5TAihG4cER8NnXh2D99Yv706lNzDC4xTkQsyfH8qi0nXyeFnVR2QwLbQAB/js+nlr9j7pdDPod94qYR8eo5B8c741ipq8+cQ3W6HY+U3AWmbznRnSLi2WkWyogoqxkaf0v75n7ECjxhEE0mBdknH69evFojHL9r6AKq+xDYCAWTkYA6jAQkIAEJSGDRBBRMFk3Y8SWw+gQ4DNCFgsMFh5y7N4eMRxbLxnzxxi3buELzyfH7qq/TNvN8q79lVyiBUQj8PiJowX3WUUb7n0HoCHOlVJJDW+F54kyNsPndiHhD4Qsyz3hd7sUPKQsd746Iq3a5KV2DYIFwQczbGSgLFIxFSRM/s2YFPib4meRAFDtHROA7Mm/8R0TQ5hjD7OPNO5j3S0ACEpCABCSweAIKJotn7AwSWGUCx06/vPOzAK8B2mqSvp/r+GelsP8uIk5YbdCfK6v8xF3bmATIpMAo+aQjDnqa1EWFIcfo1JK7+WCiimiyjMheHcz1mYi4aI9JEaFOkK6/R9NV5mk97q0vLQWTrj+XEDTwGCk76yAmY1xbdw7ru7QsmHBf1/X0ncPrJSABCUhAAhIYkYD/YI8I06EksIYE7hcRj0vrvnmq2ecASNABhHIdjBAnRXkw4ppZAssaInLJEphIgGwEymcQHscKzJPpoIKPB4f3eYPsElrZlgLAvGPOup+Sk+xx1MfgdLeI+EkxOGMgoAwNSnrI5EDY7bN/BJ5PFMIx8yN2XHzO1s5l5o2/fw19qt4nAQlIQAISWCIB/8FeImynksAKEvhRMnDFVPHERRr9N1JpDZ+sTgoOiZgylvGk5nBywAru0yVJYBEE6GJzgSSYTBMWu859UNOp6iGpWxXlI2MYtOLdweH/Ul0XMcJ1/Dw5dRoHkaDOQps0BaWAB6YX8V0ZowXyPRvh6SkD9vTepowHE+syyDC52EDRJBtrM94ni7KjAUvzFglIQAISkIAElkVAwWRZpJ1HAqtHgA44+UCGmesp0xKp1cdDgHKDaVGWDuTr7lIYNq7ejl2RBMYlgC/G5UbqPsP33w8j4jiprfc1RlgqJXaPTQbOtD9eVnyuKe3L3iuUxWA4i3AzK/BAOk+66PURccNZNyzwdX4/elWLfxMiMqIwxthdAx+oci/3GijidJ3P6yQgAQlIQAISGImAgslIIB1GAmtIgE85+bSUsppsQEhbTTpJzBJL2C7XYcpYBl4O89b5ryFKl7ylBF6SfEbulrpLzYMht+KlBIXMCoxB5w06+NDe97jzDtTz/rc0WRTXKu45Z0SQtTYrcokfIgv3UPK0k8HvSIenbmD170tkFJGhd4eIeOeERdJ+/ZURsWfxuh1ydvKJOrcEJCABCUigJwEFk57AvFwCG0IAgeSPlfEgqfN0+6DrR5e4c2OE+KziQg4QY3o5dFmD10hgJwnkEpKnNkIhpR9DY9+IoE03sXcjFrx86EDVfWRDIGqSBbPMqNuS/1uxv0nroCsQ3YEIMt4wWV2VeEQqlZr2OxM+KfjPwJyfrfwspGMYpY5lPKzxRqH0ypCABCQgAQlIYA0IKJiswUNyiRJYAIEnRsS9i3H5RPe6TcYJnwx3jec1JQS3Ly4ms2TMbiFd1+F1EtgpAndtskGe0ZSwva3KqOizHrw+vp8O2H1b8E6bZ7/Gn+jQxqx03k4zffaSr82lQPnvD2/EWUSHaUF3rr3SBe9v8Q8Zso4x7yFj5oVz+KrwM/bRjYn2g8dclGNJQAISkIAEJLBYAgomi+Xr6BJYVQJ04Ci7RpB2XoofXdb98cq48LMRsUeXG71GAhtC4GrJbwTvDbIJhgSGrHRfoQQH/w48hMYIMksouaMspGvW2BjzMsadKi+jQyLivjMGpwzw5OmaqxTZJmOtaYxxyBrBv4SOYjzv3FFs1th0KrryiM921ny+LgEJSEACEpDASAQUTEYC6TASWCMCt2laob6gWC/tMs+UWm/22UbZIpP7aE/8gD4DeK0E1pxANj5GkKAlbt+gPIPsC4KDOF2mxgpKQz695O44ee1XrXw9KEFhr5Pi7IXHCdk2/Dxa9UAsuXvyNzl/Vd6Y106LZMx2Kd0yJCABCUhAAhJYQwIKJmv40FyyBOYkUHaiYCg+DX5uzzExksSksgwOORx2DAlsEwG6v9BeOxsnd9072SS0JaaDzKdSthZlG2PEjSPi1Smrg+yOZce1I+LNxaSz2uiS4YbPCfHiJhNjn2Uv2PkkIAEJSEACEpBAGwEFE98XEtguAqdLrUvzrod+mlsecBjrSxHBp6yGBLaNAGIJokfX1rnwOWFEHJ3+j1koLb7/fURwn0nfj7Qo3ok4RmOS+vdi4h9ExBmnLAQWeLlQKkh3nJ/uxKKdUwISkIAEJCABCdQEFEx8T0hguwh8OB3O2PVX06GqPNh0pUEZz0mKi/lEmE+GDQlsGwHaxO4aEWeLCNpyd4ns/0NGCW1pD+tyU49r6Fj1tTl8VXpMNfFSRJLTp1cpD5ok3tBCma44xJsi4npjTO4YEpCABCQgAQlIYAwCCiZjUHQMCawHgRNExO+LAwyf6P5qwNIvHREfKe7Dv4GxxionGLAkb5HAjhH4XsqeuGVEvKzDKugAc/l03f0i4gkd7ulzyW2b9RwxsNSuzzyzri39Wbj2+hHxhpabWCtr5ufHDSZcM2suX5eABCQgAQlIQAILIaBgshCsDiqBlSTw+Yi4YFrZNVJ3jyELLT855v47N4LJc4YM5D0S2AAC+fuqi+lxmeG1qNa534gISu8QSHc6EGjzOmgbjCBSx5+S/wuZOife6QU7vwQkIAEJSEACEigJKJj4fpDAdhDgE20OaATtO085cNscxBBM8s8O/Bt2qfwKBg7tbRJYSwKYm2Jy+rrGh+RGU3bwnoi4Unodv5ILLGi3mNC+JSKuu6Dx+wz79Sbr5hzpBjJxztxyc85M+2CRedNnDq+VgAQkIAEJSEACCyOgYLIwtA4sgZUhcPyI+FFEnDSt6OpVy88+C31F431ys+KG90bElfsM4LUS2DAC2QCZTjcXb9nbsSPiY40/xx7pNf58uYjAZ2TseHZjJnvHZj6+x9819uADxntM0WocYQQz2DL2bH5+fGiEn0sDluYtEpCABCQgAQlIYDYBBZPZjLxCAutOgAMJBxMCz5KTD9zQidL9x0z3091jt4ggpd6QwLYSeGBjaPro1H3qDBUEjJHJnMgdpBBL8ABaVPw4ZXyVhsyLmqvruL8uSm0wuH1eceOtI+JF6e/HTe2Zu47rdRKQgAQkIAEJSGDhBBRMFo7YCSSwowT4VPvTxWWGfF0AACAASURBVAr2jYgXDlzRM5puFndN95L2/4jmE+ODBo7lbRLYFALXSiUwf0htgvO+ECa/GBGnTV94Z8r8WNS+c9ndkyPi3ouaZMC4iESXTPf9JCJOU4yRy5T+knxMBgzvLRKQgAQkIAEJSGBxBBRMFsfWkSWw0wT4/j46ZYGwFg50ZIkgdvQNxiKThE+Bie83prGXalqi8om2IYFtJoBHB14dtOc+VgJxptTW93jp769s/n7zBUN6d/JIqcteFjztzOHJqHlrkWXym6Ilec4+gd+5Zo7kBRKQgAQkIAEJSGDJBBRMlgzc6SSwRAKHRMQBxXxPi4h7DJy/bBGKF8Fjm/T5Bw0cy9skMA8Byltye1qyO742z2Aj3ItAgVhC4BeEgPLJJC7yvUImFv8tOjBgxtj5aoueaMD4j4yIA4v7yHpDgL1s+hrZa/sPGNdbJCABCUhAAhKQwEIJKJgsFK+DS2DHCGDw+tOIwHCS4HDCJ720QB0SZXtQPhWmPTFZJoYEFkUA3x26yZCRUMbPii5PL46IfRa1gB7j/i1ll1Bikk2QKTOhhA1T2EXH3RtT56c25XfXSeVBi56v7/jHSV2E6CbUFohgX+o7qNdLQAISkIAEJCCBRRNQMFk0YceXwM4QQBhB1KATB2UCHymMX/uu6HERcb/ipqc35q8c0AwJLIIA/y4h9tH6mgyNi0bEZ9NE72uyKK5QTHpE0+b6dotYRM8xESRz+Q23UvaGCPCVnuMMvfy7EXGqZPg6dIxF30c54FcLT5fMiVbMRy56cseXgAQkIAEJSEACQwgomAyh5j0SWG0CfIr75nTYzCu9cfqEt+/Kd42IXzRdQPiEmPhtRJzazjh9MS7s+os13hCYfJ4vIt7WeGncYmEzLWfgOzcH/2dVUz2zeQ/eLWVrULpRxgVSFspyVtc+C+2EEXVy4MeB2TKeQcsInj2ZOGSY3HMZE84xx8mSEe7p0hiUU517jvG8VQISkIAEJCABCSyUgILJQvE6uASWToBPuWkdjJfCd5qOOGdJbU3poDEk3hURVyluxGegPrQOGXdb7uHwf/3UdnZsbpdLZponqGD+sDmwvyki7rJmkMkiuXDLmi8SEZ9L72tKzXKUJqs7sdXbNy26ybYqM0u+nQQA/ESWFW+PCL6/+Z5fh0Dkw2uFoOyKZ2tIQAISkIAEJCCBlSSgYLKSj8VFSWAwAQ7ofEqPpwJlAWSGkPL++gEj3qzpXPGK4r4Ppi4c2eBywJBbdctLIuKWxY6PObBDURu0m0TE8yOiFkvKazmUXnEBxMkSuHjTKpaD+hhxioj4Xks5Ce9hTEE/kYxM31FNNk+Z2TzrpsSNFsElW77XMH/le2SoODl0TYgzL28E0tsMHcD7JCABCUhAAhKQgATaCSiY+M6QwOYQOHtqb8r39VsigtIcvCBOO+CgzqEQo9fcRhijzUtEBF4JxmwCsPp4dRkGoHW5yeyR/u8VZPnQ8WhWLCID49CIILOC99jHkpHwrHVMex0mZGnU/xbRZQavErxBCFjCNAelYbtFxJ/nmXzAvZS/fDQiKFXL8cUk+Fw3eZacd8C4Q2+5f+pYdZm0rqHjeJ8EJCABCUhAAhKQQAsBBRPfFhLYHAKUA1CCw4GOw+TuEXGriHjpgC0ele7nVg7ee61o940BW1vKLZh91t4MPB+eyTyBZ0duWdtlHLIPsujV5fq2a87V+OHQVhoBA/+aMuiYRKbLvQcM/qPKADQP8eyqnAizUOYp/72irfUDB8w5zy34w9CVh0whAkNaTGcpfXp8atl99IQ9zTPvtHuZD1H0QouawHElIAEJSEACEpDANhNQMNnmp+/eN4lAbivKAfmaTSkD7U3xMjn5gE0isnAwzPGUprXrvQaMs6234MvwgVSiUTLggE3ZxtDg5/WnIwJPjz5x04h4dZ8b0rW0pM5CwKx/K/qU/2BATKlXFh7y0uCD38sbq7W+rDKz5brTJKFgwLZ630K2FWvi+yoHLYNvXnR3OSAiDkmmyCfuPcOwGxBJ8P8YK3Np2Cq8SwISkIAEJCABCWwwgVm/BG/w1t2aBDaGAD4Wv0yZBA9Nfg8c2jFsvVrPXeInwafWHBKJD0UE5qLbFmRVcDCn40nfIONi33QTmSbnKQY4W0R8q++A6XqyPB4+497/aLqllMaoXE5mROlF03V6PEPa3j8/TwPQ9jcHpTFdTEe/0WQ8UTpWB/efPr2Py9cQVSjLQbzJ8YSqzXXX/Qy5jmeHV8pJipvJ6OB7gr3kuGHTRvi1ETFGRk/XdfJ88EspTWe73ut1EpCABCQgAQlIQAIdCCiYdIDkJRJYcQJ8+o1/AiUfZB+QWfKfEcHh/Ac91/6Fpv0wZR8EB1X8TyiH2KbAk+L8acPPi4g79Nj8mdNBmgM+pUwYo+IlkwOzVNrQ9o1zRATPZtbhmOeexS7mwDg1t4TuM+erIgJj2TIQesg2wscEYYBOPNcpLqD1Ly2A2+J26b62DBsEOkSUtja8tEwuW+UiYmG2SgbPooOMEUqNyn8nyei4Usv3BN8zPJ95s4j67IlnTfkSnjaGBCQgAQlIQAISkMACCCiYLACqQ0pgiQQweyQLhO/l6zV/vnLyUhiSXUJ2yiPS2jn4UXLAwXmbgk4jZIjkn42IRXXGxjQeiApnTRdwuKZ7yh7FDRz2c0vVPlx/knxpyntYW5n50JZdQqvecv5Zc5KtxPupbu9LBhPZR2XcsfE0eU7xBQ7wZSYIL8ER0e50LRPzHntuI/BRToaw0xZ8vRSA+j6PWftte/0GEfGCiMA7JQfiF++L/SYMSOcgGBFjdkOatP7XNAIN66zLmobs13skIAEJSEACEpCABCYQUDDxrSGB9SXA4ZSsEkoZ6IrDp/1kl3CIpqSkLBmYtUuyUSg/yRkALyzKSmbduymvc0DmcF8elH9TiRLT9po9JfI1ZGLQmrn0tCADCCGlT7yy6b6CD0kZZGMgJpSCCa2jOUSXcdiUQ369BrJH7jTBJJZsi/u2LBrRowyEls8noeR1ySx40r8zdMdBLJkUdXYJ15HtQ9bPIuJaqftQbcz7tfQcyTyaFGTx4GtCkA30zUUssBiT73M6VvX1s1nwshxeAhKQgAQkIAEJbBYBBZPNep7uZrsIUKrAoZLSGT7BJ7sEc08O0yfsgYJP8DngUU5CIBJwaMyfmPcYaq0vfWQjQhxY7QC/irozzKRN/rDIpPhSKuupMyT6ZpjcNnViKedEpGgrfyFzhU42ZVyqpb1xvf7DkzjWVi6DfweZRuytLRAJypIfsjDg+IaIoAVvW5AJc6PGf+N9M94tZHWUa2IuMjn+OPK7DJNjxKLaIJl5EIm6toImw4aMD3xfyPBaVOydOl+ds6couqj1OK4EJCABCUhAAhLYWAIKJhv7aN3YhhOgTOTHydOCT+n5tJ4MET7dpgsJBpRd4+DG8+TB6WIO49xPdsC2BdklZOuU8dsqQ2QSE7oIPal4kWwfsn4wMy3b+iIifLkj2F2b8irEhbrsAqHsoCoThiGZq/Q4mWbEijhG2cllJ3TuwaOEeciSQbiYFB9rfFouWbxIyQwZNW3/tlCelEtwEBemRRYDy2vuXJUAdcQ48TJ8U+g6VGYUcTFrQ4h8QCqp6joPwiX8h3Yl6joPZVaUR52x6w1eJwEJSEACEpCABCQwjICCyTBu3iWBnSZA+QUtWBFJKL/JppMc2nbpsTgySRgjH8pfGhF84r7suHU6oLMWMjoQKsj26CouzLve/Kl9PQ4dYU41Y3C6xSBeZa+NjzYZBnjLEIgE5c9Zshgop+gSH4+IS1QXvjNlrtBWd1ogfFG+QklOGWSLIOxMux9DVYxq20xY6zlf0mQn3bLDZn4XEZduxDgyb7oEayi7M3V5Dl3Gzdect2kT/ImIwLMlB8+KdtoYvXZ9RuWciFuUSHE/gssigu/1r6Y232TFGBKQgAQkIAEJSEACCySgYLJAuA4tgQUR4JNx/Ek44PFnfEzem7qHIDI8use83ylKcSg/OVPhxdBjmMGX0iaX8pK6HIIB2RNlRssIyi/a2uIeNaENbrkmyi+ukr5AZgbmu7R8JUME4SdHnw4qCFnMXQbPBz+Tab4f+Xr8NvBUyR4jZKSQRTTtZz7j07qYrJLam2TSM+DQfo8ZDwjD2gtGxM96PMg6MwfjWjIrxggya/apWJBRRftlnt/QyMa8z1hg5xraQ/P+6iOKDt2P90lAAhKQgAQkIIGtJ6BgsvVvAQGsIQE+YeaTZtoJ75U+1eYTcQ79fbxLXhQRZHYQlCFQWvGZJfKgbOiGU+aj3IOshEUHPh2T5nlPIYa0rYM2wWQq5DiyMF6tX5tWIlOPXbfs5fk8sfGruX8HGAgT7IeOPXiY4CuC38WkIPsDMYWWwNPKb+r7aWWNV8m0f0e+ktZQCkeztlCX+XD9GP9WIYjAoiyRQhhCgELkmDcQMREwafV7l3kHa7mfch84kl2GmbAhAQlIQAISkIAEJLBgAmP8ErrgJTq8BCRQEKALCp+GYyZK6QpCCX/n6xykpgkQJcjzpPKI/DMAo86HLIk0B9THVX4bHFzrn0eLLG3IW7191XWFrJ3SaBTPDTrHTIqjC1NY9oBAkQWUm1RtmX/RiBKU78wKOFBaVR7sX54yIMp7efaYoJaB+JFFL57xtHIiur/wHBDO2HfXQJSjNAiBbdq/IQg89+k6aLruk433y8Wqe/pk5rRNR3kUWTPwKANxCFNdynDGCLJ6zp8MXzF+HTvumrr44D+D344hAQlIQAISkIAEJLBgAgomCwbs8BIYmQBlExyCDyhMRukewqGyNPycNS0tSSm/If49eaDMumfe1/8tHdAxrMzBoR9hgUyOOmh1TJZEl3hqEhQ4tCIE4ClCBs40zwxKcBAxcnkDWRywLH0tprWxfVBEPKpYXN2Kmde4JseHKl+OSfui0xHGuznIGMEfpRRHEEVYJ5lGfeMLiXnf1rf4fjw2+ZtM+7eD9+K+SYjpszae26RMGFhmY+KuY542It7dlDGdu+UGhKUrJdPXruPNui6XxTHnVWddPOD17yWhZM8B93qLBCQgAQlIQAISkMAAAgomA6B5iwR2iADlGBxYScsnu4QshEOSeMIn/lfvuK7Sd4KDI4axCCiLCgwwKVEo288yF3OeJR36KTMqAz+IWcam14oIhBKElUmBl8g1JryIoEJZSY4npDay5eWIFJh5tkXps0E5FAatpUDz9uqZdPWXyaIYcyI+1J168Nlgz2SG1G2Epz1D2kWTgcTBvk+QoUHr4WllPXk85uC9CZs+UWbqcB8MdisGIBuE7J1PdRwUY1symeoOQ9yOYMSeupjadpzun5fxXiOzBF+gs/a5scO1CGOUN/E9vsiWxR2W4iUSkIAEJCABCUhgewgomGzPs3an600AA1E6hVCmccdUYsCOOKDSFpUDGge1WcGhl84z+SCJCPP4WTcNfJ12xfetSksQQj6YSjVyWQGH/vdVc7wmZUHUU1MOgjEprVu7tFXloJ2715Rj8Sk968g/A+kOhB/Hq4qLyDaZlLVTd4dpK90p2xRzOEdI+P0MlnU7XcSRUmhCQMGLA/PX3JVl1uNBcIHZkK4qdGKi5KvLvxXMg6jBwb5rYG7L+7EsPyJ7hg45ZP+URrw8D7KR8HeZFJRPUQrUZoqKCENrYkrXFhFkEPG+6tupqstaEEQxzi1FpC73eY0EJCABCUhAAhKQwBwEuvwSPMfw3ioBCYxEIB/Qy0+vaf+L/wJlK9OyLPISEElI6z9d+sL7U2edkZb4z2E44GKgydryQR9/DA6TiAGfb5kMAeg51dfpvPK04mscFD/XIeukHp4ym2O3zPnLosSFg/41Uxve2xTXYuLZllWB8PGjwuuEbAqu+341T9lS+NMt3hxt3CmPOt+UB1Iaik7rZMPcCBd40yCuDIkrppKW0tMlj4MQVWZvMB+djn7dY6ILN9k/tE4uBaG3RQSZQwSlLW1dkhCd+LeLrB5aOCOsILxcdILpMQLGY9J/vB8WFY9ovGAemsq6+pTHzVoPgh97IJuqryfMrLF9XQISkIAEJCABCUhgCgEFE98eElh9AogFeHJwcC3bq+YMBg6ebUJEvbPnRQQmpwQHWzxM+nQvmUXqgenAmA+LHE7f3GTGYFbJ+icFh+S6bOYcEYHHBv8/LJVQtB3cyzHZE4JNma2A2SeCTBm0lS2FkSMab4jbpVbNdDnJ8ZbG4+I6LYtGaLp88XUOyrRHLqP2NyErgnaws2KaCEIGzI1SJxtEKbiWgfjAmjGI7er9Mmk9tCQm06NmTgtrOs2QPVRGX/ENPog55b9Btckv70+eVZ+yo3o/CI37DSgRmvWc2l6n7IxOQwTvwXlaFJfjI5KQBQYPzV6HPBnvkYAEJCABCUhAAgMJKJgMBOdtElgiAXwxMNwsD910EqGjCEaZbaaW9fI44FP2wvc8HXZu2YyJuei8QTnQ01NGST5cI5TQMhgPCQxLp0XeR3kNBrCYnlIKwmF52s8pSpJe0VyDaPGyxjz2skXmAxkI+KDUohClHTmrgVIZ9kC2BGOVJSBtQghCwmeLNZGpcvqWA3lZjlN7kEzigeD06Akv4vdCB5Zc0lNmyHDLh9Pe532e3E+GC9k8dSkTJUCUfvF+zFlKXM/7qfanmbQOOrxQXlIKU1yLKIaw0Ra8b/uKJogV+NMw17IC0Q/xj8BQti4zG7oO3kswHtsXZeh6vE8CEpCABCQgAQlsDQEFk6151G50TQnktrdkHtBdhq4yBOaXlCCQabB/h73hf5K705BpQveXeQLhgPIQjE7zzxGEEsQLfCS6GmrWxqiIGXREocVxWylNXjMZK/ijIJIQbaUsmM2StVBH6f3BJ/f4uNAi92PFheyFzJ7MO7/0w0osoPMPGRd1lJkiXbMv6u44eUy8VvAgYRyCdWGSWv78plyDkqcxAoEHz5wyeC4INmSuUI6Tg33iC4KHy6zgfUcb37KUh/vhR4bPtDgoZejg4zEtMA+mFKnsMjRrXWO9TjbU19NgvH/JoJk3MHtlT2TkUFZkSEACEpCABCQgAQkskYCCyRJhO5UEehI4Q0RQAsEn/fskvxKGoJ0s3W042J6kw5gIAQgCBNkBeFPg+zAkODRT5kBnnRx8+o2hKMLDtJKSej5ar9YZAHg1lFke9T2YxtIphPbBOSgB4r4crAGhiVKbOuiecq/0RQ6i50l/pvsQ68+BMAL/MhAkuD//3KQE6KQtc2RvmfwSpTjTjErzdWTjnLIaD18UxKmyUw/ZJHR5yUE2BQz6sG9Z9j+/RMtqzFHLQDyihAlxiqyd8vnMEoMoU6E7EL4vdXkPwgvCwlAhgPcB2VWUqVE+hPhGxtVOBUazWShEOMScd97Ao+hm6fniE2NIQAISkIAEJCABCSyRgILJEmE7lQR6EsAolMPgB6qSBEw86RJzv0Y8oRXutNirOXAfmS7ggE9pTik2dF0S4sazkrlm/rnB4ZBSCkpJSsGi65gcci/S8WLWjmDxwpbrKU2itCfHzacYnZaiwlWaMhbKfwjKbPCCyVGaj+avlVksjHPxxuOEZ1QHh1xEE2KS6Wx9T90dh9cRtcjeoGNQjvzsy/vp8JPn64hz4mU3SKVQ5QVkfyA+1aUxMCCDp+6+g4iEYe/eLSJJHpf3Dka7mAFvUuT31ycKkXKe/cEJ8WVWBs48c3ivBCQgAQlIQAISkMAEAgomvjUksJoEyIIgmwGhgE/9yeLIkf88rWSFa8lEoXSD8gruoXyE7JA+QVtZSm/IEMjBoZDWrZQJlOvqMy4ZEmRKzArGJwOBkpS2QDR6XPECWRD4s9SBYSaCRy41qct16swJsnByCQxj1YLGO1qMavOcZcnPpCyUcn1tYgmMySoqn1cpxOT7ydIg26dPK99pzGtRhHIgRDYyN9o6BiFWnTZlQJDt1NbCuZyPfR3VZBZdeo4sp1nvmZ18nfcrDCgZK31ehqwpe6J0NXUeMof3SEACEpCABCQgAQlMIaBg4ttDAqtHgE/o8RyhhGHP1Do1rxLx4AFNdsNbGx+Ta89YetmWlZIQsk26lm0glOCPUh76KAkg22HfgRkl5XLpgDOtFTJCAKavZE5M6jZCx5gy++L1TfbMDVuYXC5lkuTDPK2VMR/NURvPUgaDwFIGXYiyfwYcDmjJrOD67DmR78XbA0+XSYFYghjUVlqF0W8WQurOPHk8sn7qbjnzvKNLsYdxEJ/wymGd8/x7wfuOrAvErTc23ZQ2tbwEU16ESjKuKNGZJ2iZfJYBrbTnmdN7JSABCUhAAhKQgAQKAvP8AixICUhgMQRyeQgteen0UQZlGidLn/YjOkwKskkOTy9+OZWPkEUxK/A6oS1tKShw2MUHBREFIWfewNNimiEmJUi3ntFCFfGCkp5sIIpYgoBSC0KYumIOm4ODLELEd4qvYdSJYWcO/DpeVPydsh26nuSY5tuBKECpTg48UvBKaQtaEZOlMylTCKNVngUCVVvQyQaxpzRhnffZlPzwyXlXiwiFvws+JiefMVnOJqE1MKVbszomzbv2Vbg/C04IQqW5bd+10XWI9yqCGz4whgQkIAEJSEACEpDADhBQMNkB6E4pgSkEsucIwghZDqXIgYjAQR4PkmndQhA7EAE4dHE/mShleUnb9KT9c7AtzVy5jrk4sHM4HyNYN2O1/ez5Ucq2yELPpPnIOoFDHoPuMni61FFnZZAlQnlJ2WYYsQKfiCxa1Add2hJTXpEDEYE2xJOCEqhcvsS4J5xw4ZBWueVQX0jCzKTsm6HPata6Ph4Rl2paWl+rMbylM0/uvJTnO27KCKJ86OAtEUlK1mU7ad4HtYFu1+eCkAY/eOKDY0hAAhKQgAQkIAEJ7AABBZMdgO6UEphC4JcpgwRRADPPMsgo2T11LOFAOikoKaHDC5/wU66BB8mkwH8CoQQD1PLnAWUrZKm8d8SnhXhAdsKJW8ak/IdMkD/PmK/sVMP+OOBfubqHkgiydMqsEbJEMK6tM1DIJmH/OTDRxRclR50xQgnQTSas8QppPfllfGhqQ9TLNoID/idtnYA4XONXM+vnMkazeIAM9Y+Zhhi++NPUHW24BwEK8Yz3htFOgMylnJ2FUEnp3JDg+wQBkbbdhgQkIAEJSEACEpDADhGY9Yv5Di3LaSWwlQQenTrO4F1Qto0FxvmSaSkZDIgck+I5jdHrHdOLlFNwaGs7WE/qZEJmCx058JkYO/DjoA1sGZSTYG6J38qsQMzAOyT/3KLcpmwFzP14rmDuWrb7nSZykEFDq2QCg1bY5o4/iAPPLxZFS2MyTiYFa6E9cQ4EFMqLCMqoEGboDNNmjAobSoXoLkNL5DZBhXXhRYPIM0tYmsVy2ut0rsE7JwdZN5i/YoRrTCdQdltqE8y68Dt7yhC7Qypl6nKP10hAAhKQgAQkIAEJLICAgskCoDqkBAYQ4BCNYST/v1BEfKkaI5dKtIkE+VIyLRBJ+L4my4QMC3ww6sA0Fv8M0v1zcN2DmxKSQwasvcstlJDU5T4IORzCPzJjANb5zibbBfNWApGFDkJlJghfR+z4RjLd5O9kk1Cuc7MJ4+/WGLIiguRgHVkooJwChqW/yEFTuvUwBhkyPJ8cCA08i1k/Z2tPFDr5wIUDN6IL/jFPT34mXVjPew1ZJghTiDx0waG1MV1yjNkEyjKwWYa/k0bjPUtpHiV1hgQkIAEJSEACEpDADhKY9Yv8Di7NqSWwVQQom6GbCiafe7fsHJEAv4q2zAMuJ6MC/wTKURAKEBfqtr18Yk0GQymUMC6HfLI3MKwcOzh0Y3pKqUkZeIFgiErpwbSgkw5i0enTRZQpsLdvVzdR6oKocrzi64cW2TZtc9CxJYsuMLtakemCYEXGRw4yOhCgYDwp8DahrKZcw7S94U3x0NQ2eWzujrczBMgAuk6amj9fb8AyEE4p28LE2JCABCQgAQlIQAIS2EECCiY7CN+pJZAIZONRDu20ES1NRrkEvxI8Td5SHMZqeEclfxPGICOAT7cJshXIxqCMo8yWIPuBbBTKP2aJFkMfFBkfZCawhjIQfvDgoMvNtLhF2nvuNoKfytVbTDDxCbl7lclBKQ0eLNOC7BKyTAi8Y7KBKb4veKqUQWcfSqZmBc9uWtkO93MgftkMMWfWPL6+mgTy9yqrIzunrwcJXbEoh7vIiEbLq0nKVUlAAhKQgAQkIIE1IKBgsgYPySVuPIHnJeECk1eEkTrodEN6Pgd6fDbqwBsDQYRAOMEnhGv5OkantYEnfiE3TyLBouAiztBG9iTVBAg6lHs8ecrE7PWZiQmXkQXzsEbweVR1D2O/JPm05JcYn2tpW1wbvJa3U3qDV0eO+ySzUwxpaZ1ciktks1AmRVbMrKALD+2g6+44rAX/Gbr7IL4gWBmbRwAPm+yrw/cifiR9gk5OlIPlTkt97vVaCUhAAhKQgAQkIIGRCSiYjAzU4STQkwDlMb9J2RF01+BQXca900EekQPxo47HNAageJIQlHhQmrJf6mZSCiUc2PH3IGtjrBbB07ZaZm/k61gfmS/7TxEzMEV9YSOYnDLdREcWSnDwEyljj5RxkzNEeA1hif11MazNHWm4D/EC8QVBhK4mrKGMto5FPR+zl28JAUq8KPUieI/1ET54L5OhRHlc/p7eEmxuUwISkIAEJCABCawmAQWT1Xwurmp7CNDCFVEEU0/KSurgAMVBik+qa98OTFoPTjcgFjwrjVGbRVIWc/3UeWMZZGl/jPdIHa+MiFumjJH6NQQShJIsViDwHNZkqdxlQgnO3Zq951IdxvpVyqwhq2VW1O1/cybARVMZRflzkRa+F5s1oK9LIBG4cTIa5q8IcPjadA3e/4hzlLDx/WxIQAISkIAEJCABCewwAQWTHX4ATr/VBDBwzUarZJeUHVsAQ6cUfDsQPOp2vBjEYhRLkLlBGUntWMNZawAAIABJREFUncEn3Ph4kDWxrGAd2Qskz0kGB51XEIXqQPTg03SEn/zzCGEIgYf2wHWUppr5NTJKbpJMcbvsM3cc4lqEGcxnYYy3CKa55brPGhFkuRgS6ELgwo3RK62F8/dlWdo16/4/JINkhDtDAhKQgAQkIAEJSGAFCCiYrMBDcAlbSwAzVlrHHl74dZQwaCd7ySQGvKZ4oc6Q4NBffi/TIvj1aUwOYcsK2vJi5loGJUY3aDJHPtGyCA6GdAXK2SgIP3iJPHXCgun6c5nitT+l68ms6RO0M6Z9M/HxpiPJpZJRbjkOTCmNyH4Ufcb32u0lQFcoDIQJ3kO1f9AkMmSW4G+D2Ss+JoYEJCABCUhAAhKQwAoQUDBZgYfgEraSwC4pu4QMi9Mlv4MSBG14yTihJCe31OV1uuh8eUJ7YQ5oZKRQrkLGxDLjKy1ZMBivPrylBIdDJcaoCBUEGShkwdD2uPZw4XXKdRCPdi82hOhBm9/v9twkmS6l4SwlP7QjpvVxmQ1Atgm+JhjOGhLoQ6A0G8ZE+LcdbuZ7mgwxvjcMCUhAAhKQgAQkIIEVIaBgsiIPwmVsHQHa1tK+dlKrYDIv6GRD9xs+eSaOl8xPsyFqCQ3PA7Iz6LhDpsay4gwR8f5mjZSu5GB+skbaSlkQLDDFzD4rmLni+/CpCQvG0+R1ae/5EkxyaS/clrUya9+0MuZTfALRhXV8MSLOX924b/JUmTWer0ugJsD7P/vrUEo3S7ykhA3vHbJMaDdtSEACEpCABCQgAQmsCAEFkxV5EC5jqwjQcja3B0ZwaMuqoNwEEeTkiQzfqxz28Uio44MRcdOWLJVFQ71yRFAqVLcOxgekNq08V8rkYL/EX5v7njKl5IUD5yuSmFLu4xdJjEE0GRLlp/8IPWS2PL4aCCGGUihDAkMIUAZHBhmB6InZ8bTA7PVGLa2oh8ztPRKQgAQkIAEJSEACIxJQMBkRpkNJoCOB1zZZDTdsOmjgYXJAyz0PbDIfHt14IDys8UA4KL3+tsZv4xrVtXTh4P4jdqB0BDPZ51RlLCwPIaMUUE7bmKq+qvIe4YBI+Q2iSVtggIsxK/8vg3bIl0/dRzqi/l+XHdh4l1AmlOMNEXGdqtsOWSdnbDHgHTKf92wnAbJFchbY7dL35zQSiKNklnCtIQEJSEACEpCABCSwQgQUTFboYbiUrSCACPCd1JGFQ9WfW3aNdwmZJXibcPhCYNinug7Pg1tM6CSzaJCINIcUk5Sms3T9wYcBPxCEoesW17FvMmFo1TspyKD5UNWthvHJBEFkmiSydNkzn/QzP8GYZPmctNoHQtALugzmNRKYQIBSNEQ3gtK7/aeQyt9LXUp3BC4BCUhAAhKQgAQksGQCCiZLBu50W0/gC40nxwWSMeszW2jsmQQDylEQRI6MiL2qQ/0dGyPYw9Khf5lAEXBo4Zs9QJibT8cpn8meJGRoPC0i7l5kn1Ce89CUUVOWxJRrZwy61Ny+6iyCHwRfQzSaNxBzcvYLRrN1B5MPJG8UugwZEhhKIH+Pc/+rC5GubTxaaPNezJ2ihs7pfRKQgAQkIAEJSEACCyCgYLIAqA4pgQkEaGVLRgmiApkNbdkl+JEgmpw9leXkjAiG5Po7jSQe9H1IeHrg+XHc4kbWc96I+GThtVJmm/BnPmG/b0RMEyHISHl7Y4B7sWpRlBxhxtpmHtt3/RefYRJLJ5M9GuPNo/oO7PUSqAj8oOhs9cOmbXj27alB8T1F96f9kgAqSAlIQAISkIAEJCCBFSOgYLJiD8TlbDQBuuIgIJClUWaN5E3vlgxgP5IMXu9R0CBLg5bClOgsO/BaYS1lRgZlNfh//DQZvB6/WBRCCeLKbWeIHfz8OTRdl7uK5GG+njJZavPYoXt/ftOCmM43bYGYc9WU2TN0fO+TQCZAx6eLpr9g1Jz/XBPCp4fXdhWdBCQgAQlIQAISkMBqElAwWc3n4qo2k8A3U+r9ZSPiwy1bfHFqLfqe5vBOB5oc+Hbs3pSm8Gn1soPskTrzg9IZRBTMaWmFWmad/D35rVBSRKlBW5wzIh4REdev7s3X0ub3giNvlNII2hfXgSBDq2PaMRsSGIMA379XSgORQXLplkFpEf77xqvnCen7aIx5HUMCEpCABCQgAQlIYGQCCiYjA3U4CUwgcNaI+FYqqymzMcrLObzzPclhKgcCxOUi4qNLJksZAWLJqYt5MUl9YloPGRmT4skRce+WF2+SDohnmnAjmSkIMfdZwF7xi7lLNS5sWSdZP5PEnQUsxSE3nMA7U8YS28Sc+Xwt+6VDE4bIlN7xc8GQgAQkIAEJSEACElhBAgomK/hQXNJGEqD0BK8CTFxv0LJDshwQGurYie4ZlK6wXjrd5PhxOtiRHVMGPiOUIORP1HkN4ePl6bCIJwuvXS95hEx6uJjHImgsqkMN7NlTDrJ26PTz4B0wz93IN7ib+m8C72gEzqulv30/ItoEwl81rbX5nmoTU0QpAQlIQAISkIAEJLAiBBRMVuRBuIyNJsD3Gaaiu0TEOSZ8okx2Se0DQqYFGRfLjAMj4pHFhGReHJ1aHJfroHvNc5svPLzp+POLiCiNLvusF3Hl3xvR5doLLjmiMxHdSwj2RIthyonMLOnztLy2C4GysxWeQ3gTlXHFJkvrvRFx+UZMRFA0JCABCUhAAhKQgARWlICCyYo+GJe1UQRuHREvSoJAW8cMylzqEha64+C7scxAuCg/8W5rvUuHH/w+Ht1kzPyoWBztevnUvOvPFIQSyhIenzqFLGOfCDw3S5kmD0stkZcxr3NsF4E3JUNkdk0ra7pAlUH7ajLHTrVdWNytBCQgAQlIQAISWD8CXQ8367czVyyB1SHw1Yg4VxIZyOAog+4zT6m+9uwWv41F7gaRhLKa0julng+Bg9a/j5nSTeapjWhy9xkLxQfl8Ig4OCJ+s8hNObYEdohAmWHykyYT6zTFOrLZK6bIZDgZEpCABCQgAQlIQAIrTEDBZIUfjkvbCAL4F3w3mb2eNP0/b+yGEfGqRjwoW+pyLe2DlxUc2sh+mfaz4GvpcEeL1FlxkWTsyv/JOsHjhOCT9ntFxOtmDeDrElhzApTbUHZDkIV1+mI/dJai5O3MqYxtzbfq8iUgAQlIQAISkMBmE1Aw2ezn6+52ngBeGZTXkJ1xzWI5dMjgk+hjFF+jBOaESyoVOVZTnkLmy9mmIMK8Eh+VL+08RlcggbUh8JGilfBRqRNOXjx/P3FEnHJtduNCJSABCUhAAhKQwBYTUDDZ4ofv1hdO4Lip7IT/l54kfPr87kosYTH7RMSLF76qCPw7HlJltpTTIpDQVebjS1iLU0hg0wggiuyeNvXt4s8nighK0mhxvf+mbdr9SEACEpCABCQggU0koGCyiU/VPa0KgQc1rXkflcpSOCwRZ23Ek680XiCIKGW8JyKusuCF441ypylz0AL1zhHx1gWvw+ElsMkEaBecfUu+mTpjsd+np+8/umHRZcqQgAQkIAEJSEACElhxAgomK/6AXN5aE8C/4LQRcUTjV3C71FaYwxQp+WXQUhivE9rzLiLuEBEYsk4ydf1TM/fd0joXMb9jSmCbCHw+Ii6YNvzGiNgr/ZkWw5jA0uLakIAEJCABCUhAAhJYAwIKJmvwkFziWhK4TJMx8uG08ktEBIapZJaco9oN3WdI3//OyLu8Vvo0+woRseuEsX+fDCiftiTflJG36HASWEkClLSdN62MEjtK7S4cEZ9NXaTINDEkIAEJSEACEpCABNaAgILJGjwkl7iWBD7U+JTsmVrwXi4iJpXD3LHJQjl0xB1eMiLeN6NFMD4KdOrAS+HPI87tUBKQQARlONlMGXGEVttviIjrJPGSjDJDAhKQgAQkIAEJSGANCCiYrMFDcolrR+A4KWOD76+7Nr4gP42I17S07iWrBE+TMeJUEfH11Mp30ni8jqfKKyLib2NM6hgSkMD/IVCavj42Imgl/NvURjhnnohNAhKQgAQkIAEJSGANCCiYrMFDcolrR4BD0v0jgk+SLx0Rn4wIRJQ6dpmzFObYEfHQ5jB27+SP0gbq7ynLhYyS9zfdcfi7IQEJLI7A9xo/oDOm4Q+MiPdGxMfS9+mTFzetI0tAAhKQgAQkIAEJjE1AwWRsoo4ngX9llJDx8YGIOGdEnLoFyksj4lZzwHpEkyXCYeyYE8b4a0Qcmcxcfz7HPN4qAQn0I0C3qTOkWzBTpiSPtuLnjwj8TQwJSEACEpCABCQggTUhoGCyJg/KZa4NgYskg1cW/NqIuFHLyjF6PVlE4CXSJxBe8Du5dkQcY8KNlNpgNEn7YMtu+tD1WgmMQ6DMMLlBI54cHhF8z59inOEdRQISkIAEJCABCUhgWQQUTJZF2nm2hcDbm/T7qyfPAkpujlVt/L8i4i1Nx4zr9QCC78HjI+IaU4SSz6X2pT/oMa6XSkAC4xP4YUScLg27d9MZ62UR8dGIoHOWIQEJSEACEpCABCSwRgQUTNboYbnUlSdwgoj4TSqTeWOLKMKnzMRpkhHsrA2RhXJIROzbYhib78Ub4aoR8YdZg/m6BCSwFAJlhsk7G7Hkak03qgdExOOWMruTSEACEpCABCQgAQmMRkDBZDSUDiSBf5bB0D6YLJLfRcSJKya/j4hvRMQeHVhhGntw09UGY9e2IKPkCimTpcNwXiIBCSyJwLeK7leU3fFzYFIJ3ZKW5DQSkIAEJCABCUhAAkMIKJgMoeY9EmgngBhy9oj4WTJ9La8i82TXiLjgDOPHM0UE2SkXmAD5dRFxW4US34ISWFkCX46I8xSro6VwLZ6u7OJdmAQkIAEJSEACEpDA/xBQMPHdIIFxCFyo8RAh64P4U5N+f/xq2E+lQxNdc9riJI3Hwbsi4qITXscb5Q4RoUfJOM/LUSSwKAJ8r5ffx0clIXVR8zmuBCQgAQlIQAISkMCCCCiYLAisw24dAbxGDoiIv7e0+v2PiDhR6lxzWEWGjJQjImLPCcR+ktqR/mLriLphCawnAXxL8BXKQanec9dzK65aAhKQgAQkIAEJbDcBBZPtfv7ufhwCfB8haGDSik/JCYth/9Jkljy5KaG5d0Qct5pu/4h4dHV9vgTh5ZYR8cpxlugoEpDAkgjwPXvTYq7rpM5YS5reaSQgAQlIQAISkIAExiKgYDIWScfZZgK0C/1wAkC3Grrl5LhL6o7xwohAICFoD8wnzmdsgYZh7H0i4ukR8Z/bDNW9S2BNCZBFdru0doRPssv+uKZ7cdkSkIAEJCABCUhgqwkomGz143fzIxF4adP9Zu+Wsb6b2om+JHmacHB6xwSfEoSSR0bEw0Zak8NIQAI7Q+DxTZvv+6apET0ndbramdU5qwQkIAEJSEACEpBAZwIKJp1ReaEEWglQZoPPCKattdkr3WweHBFHR8SHmk+Z79fib8KgH4yIW2no6jtMAhtB4CFNG+GD0k5oL45QakhAAhKQgAQkIAEJrCEBBZM1fGgueaUI7BURR6YVUXZzhubvdMx5RUQ8LyI+mwST07as+uvJ6+CLK7UjFyMBCcxD4EFNVsmj0gBfa3yIzj3PYN4rAQlIQAISkIAEJLBzBBRMdo69M28GATrckElCnC0ivlVsixbAp2/Z5s9SRx1KdQwJSGCzCBwaEfulLb23yS678mZtz91IQAISkIAEJCCB7SGgYLI9z9qdjk/gmBFBy+BdGw+Tb0TEOdMU52+MXT8eEbtUU/42Iu4ZEc8ffymOKAEJrAgByvAOTmt5SkTca0XW5TIkIAEJSEACEpCABHoSUDDpCczLJVAQuGJE8Aky8aSUNcKf6YxxjOK6v6VOOY+w843vHwlsPIHTRMRH0/c6HbTIKDMkIAEJSEACEpCABNaQgILJGj40l7wyBHI5DmavuzWCCQaPtWCClwGfOBsSkIAEJCABCUhAAhKQgAQksEYEFEzW6GG51JUj8JvUAePdEXHVYnWk4JNxgn/Jj1Zu1S5IAhKQgAQkIAEJSEACEpCABGYSUDCZicgLJNBK4OIR8Yn0yj0i4mnFVd+NiD9ExHllJwEJSEACEpCABCQgAQlIQALrSUDBZD2fm6veeQIviIjbJJ+CkxXlONnXZJ+IePHOL9MVSEACEpCABCQgAQlIQAISkMAQAgomQ6h5jwT+ZeR4yoj4WERcugDy6Yg4T0uHHJlJQAISkIAEJCABCUhAAhKQwBoRUDBZo4flUleGwDki4utpNWU5DsavR6e2wbdbmdW6EAlIQAISkIAEJCABCUhAAhLoTUDBpDcyb5DAP/1K9k/tg88YET9OTA5PZTqniohfyUkCEpCABCQgAQlIQAISkIAE1peAgsn6PjtXvnMEyCI5dUT8JCJOk5ZxjIigvfCbI+JGO7c0Z5aABCQgAQlIQAISkIAEJCCBMQgomIxB0TG2icCZmyyS76QNHxQRD0t/PjAiDo6ISxXdc7aJi3uVgAQkIAEJSEACEpCABCSwUQQUTDbqcbqZJRB4eUTcPM1zpYh4X/ozrYT/ERFnWcIanEICEpCABCQgAQlIQAISkIAEFkxAwWTBgB1+4wj8IiJOHhFfiIgLpd1dLCI+GRFPiIj7bdyO3ZAEJCABCUhAAhKQgAQkIIEtJKBgsoUP3S0PJkC5zUfT3bePCExeCVoLX7QRTE4QEX8dPLo3SkACEpCABCQgAQlIQAISkMDKEFAwWZlH4ULWgMB7I+KKqTvOSSLi9xGxS0T8NiI+HBFXWIM9uEQJSEACEpCABCQgAQlIQAIS6EBAwaQDJC+RQCLwl4g4TkS8JCJunb52aETsl9oMP0NSEpCABCQgAQlIQAISkIAEJLAZBBRMNuM5uovFE7h2ahnMTHtExGfTlL9JZTinXPwSnEECEpCABCQgAQlIQAISkIAElkVAwWRZpJ1n3Ql8MCIuGxFHRcTZ02auERFvqzJO1n2frl8CEpCABCQgAQlIQAISkIAEIkLBxLeBBGYT4PuEcpxjR8STIuKAdMsXI+J8zddOlPxMZo/kFRKQgAQkIAEJSEACEpCABCSwFgQUTNbiMbnIHSaARwleJf+IiN0i4udNh5z/3969hVpWkHEA/zM5w1RKmjFk5ltF2hQVQpGiFggGFmVSEBlCoaEFXQQVwgIhwyJDMEqjyJAerBS60OVBTYQkJMUuFvRQdCHzrpmOjrZXLvE4HPvOmTlz9t7r+50nj9/Ze63/71s++GfvtY5I8ufx8cJvmPP5OTwBAgQIECBAgAABAgQIbLCAwmSDQb3dJAVuHz9JcluS148Jr05yapLTk3xrkqmFIkCAAAECBAgQIECAQGMBhUnj5Yu+JoHhscEPJtkyPg3n6+M/D1/ReSTJi5I8saZ38kcECBAgQIAAAQIECBAgsDQCCpOlWZUTnZPAF8d7lgylycFjOXLRrCw5L8mNSY6b03k5LAECBAgQIECAAAECBAjsRwGFyX7E9daTEHggyUFJhqfkHD8muncsT96e5CeTSCkEAQIECBAgQIAAAQIECDxLQGHigiDw3ALbkvxn/ArOJ2dfv7lk9ljhDyT59vhUnKFI8UOAAAECBAgQIECAAAECExRQmExwqSJtmMAnxscID0/HOTDJw0n+Mj4hZ3hqzpkbdiRvRIAAAQIECBAgQIAAAQILJaAwWah1OJkFExjuUXJskr8nOTzJe2ZPy/lukt1JXprkrgU7X6dDgAABAgQIECBAgAABAhskoDDZIEhvM0mBXUm2Jrlq/CrOr8fHCj8+/vtJhhaKAAECBAgQIECAAAECBBKFiauAwOoCpyT53jj64KwouTbJ/Xnqv5nLZp8u+Sg4AgQIECBAgAABAgQIEJiugMJkuruVbN8EbkrylvExwsOnTC5NcnaSx5K8PMmd+/b2Xk2AAAECBAgQIECAAAECiyygMFnk7Ti3eQo8mmR4Ss4dSY5McvesNHlxkt/O7mOyc54n5tgECBAgQIAAAQIECBAgsP8FFCb739gRlk/g9CTfHE/74iTXJ/nx+PsJSW5YvkjOmAABAgQIECBAgAABAgTWI6AwWY+Wv+0icEuSNyYZbu66I8kPkhyT5E9JXtEFQU4CBAgQIECAAAECBAh0FlCYdN6+7KsJDF/D+XeSA5LcOt7H5KEkW5JcOLunyQXYCBAgQIAAAQIECBAgQGD6AgqT6e9YwvUJfDzJJeNLLk/yQJJzxpu/DvcwGZ6U44cAAQIECBAgQIAAAQIEJi6gMJn4gsVbt8BwU9ejkuxOcliSPyQ5JMlvZo8Zfu26380LCBAgQIAAAQIECBAgQGApBRQmS7k2J72fBIav4exKMvx3cdesJDl1vOHrcLgzkwyfOPFDgAABAgQIECBAgAABAg0EFCYNlizimgXOS3LR+NefTnJSkmOT3JPk0DW/iz8kQIAAAQIECBAgQIAAgaUXUJgs/QoF2ECB3yd5dZLHkuxMMvw+3Oz1K0nO3sDjeCsCBAgQIECAAAECBAgQWHABhcmCL8jpbZrA9iQPj1/HGe5bcm2Sc8d7mbwsyZ2bdiYORIAAAQIECBAgQIAAAQJzF1CYzH0FTmBBBE5LcmWSJ5N8efbpkvfN7lkyFCU3J3nzgpyj0yBAgAABAgQIECBAgACBTRJQmGwStMMsvMCN4/1KhhM9OckPxzP+UJJvLPzZO0ECBAgQIECAAAECBAgQ2FABhcmGcnqzJRYYno6zNcl9SX6R5J1J7k7ykiXO5NQJECBAgAABAgQIECBAYC8FFCZ7CedlkxI4Icl1Y6Krkrx3LE++k+T9k0oqDAECBAgQIECAAAECBAisSUBhsiYmfzRxge8neXeSJ5JckuRT45NyXpDk8YlnF48AAQIECBAgQIAAAQIEVhFQmLgsCCT3zm70evD4dZx/JXllkp8mOQkOAQIECBAgQIAAAQIECPQUUJj03LvUzwickeRr46/XJxm+njN80uS4JDeBIkCAAAECBAgQIECAAIGeAgqTnnuX+hmBB5McOP76uyRHudmry4MAAQIECBAgQIAAAQIEFCaugc4C5yf53Ahwz/jJkuGpOMMnTj7SGUZ2AgQIECBAgAABAgQIdBdQmHS/Avrm35bk/iTbR4Kfz76Cc+L4zzuSDPcy8UOAAAECBAgQIECAAAECTQUUJk0XL3auSfKu0WF4Es6tSY5OcnmSM/kQIECAAAECBAgQIECAQG8BhUnv/XdNP9yzZPh0yZYR4LYkrxl/P2b2dJxfdoWRmwABAgQIECBAgAABAgSeElCYuBI6ClyZ5LQVwW9O8qYkdyQ5siOIzAQIECBAgAABAgQIECDwbAGFiSuio8Cjs5u9Dvcwefrnj0leNbvp6wVJLuwIIjMBAgQIECBAgAABAgQIKExcA70Fzkpy2QqCh8bHCj+Z5Igkf+vNIz0BAgQIECBAgAABAgQIDAI+YeI66CYw3K/kdStC/2P2GOHDklyX5G3dMOQlQIAAAQIECBAgQIAAgdUFFCaujG4Cu5JsXRF6+ITJC5O8I8mPumHIS4AAAQIECBAgQIAAAQIKE9cAgeFxwV9dheGRJM/HQ4AAAQIECBAgQIAAAQIEnhbwCRPXQieB25PsXBF4+LTJcPPXi5Oc2wlCVgIECBAgQIAAAQIECBD4/wIKE1dIF4GhGBk+SbLymh9u9Dr8bE8ylCd+CBAgQIAAAQIECBAgQIDA/wQUJi6ELgJfSHLOKmFvSXJ0FwQ5CRAgQIAAAQIECBAgQGBtAgqTtTn5q+UXuCvJoStiPJFkS5KT3ex1+ZcrAQECBAgQIECAAAECBDZaQGGy0aLebxEFjk9y/SonNjwh56BFPGHnRIAAAQIECBAgQIAAAQLzFVCYzNff0TdH4Fd7fO1md5LnJbkiyRmbcwqOQoAAAQIECBAgQIAAAQLLJKAwWaZtOde9ERi+dvP4Kjd7Ha79I5L8dW/e1GsIECBAgAABAgQIECBAYNoCCpNp71e65PDnKEXuS3IIIAIECBAgQIAAAQIECBAgsJqAwsR1MXWBnUluXyXkNUlOmXp4+QgQIECAAAECBAgQIEBg7wQUJnvn5lXLI3Bikp+tcronJLlheWI4UwIECBAgQIAAAQIECBDYTAGFyWZqO9Y8BD483tx15bGfHB8pPI/zcUwCBAgQIECAAAECBAgQWAIBhckSLMkp7pPAZ5N8Zo93GB4x/NZ9elcvJkCAAAECBAgQIECAAIFJCyhMJr1e4ZJcmuRje0icn+TzdAgQIECAAAECBAgQIECAwHMJKExcG1MXODXJ1XuEdN1PfevyESBAgAABAgQIECBAYB8F/I/jPgJ6+cILbEvySJKnr/XdSQ5Y+LN2ggQIECBAgAABAgQIECAwVwGFyVz5HXyTBP6ZZMd4rEdnX8fZvknHdRgCBAgQIECAAAECBAgQWFIBhcmSLs5pr0vgrCRfGl8x3M/kinW92h8TIECAAAECBAgQIECAQDsBhUm7lQtMgAABAgQIECBAgAABAgQIVAIKk0rInAABAgQIECBAgAABAgQIEGgnoDBpt3KBCRAgQIAAAQIECBAgQIAAgUpAYVIJmRMgQIAAAQIECBAgQIAAAQLtBBQm7VYuMAECBAgQIECAAAECBAgQIFAJKEwqIXMCBAgQIECAAAECBAgQIECgnYDCpN3KBSZAgAABAgQIECBAgAABAgQqAYVJJWROgAABAgQIECBAgAABAgQItBNQmLRbucAECBAgQIAAAQIECBAgQIBAJaAwqYTMCRAgQIAAAQIECBAgQIAAgXYCCpN2KxeYAAECBAgQIECAAAECBAgQqAQUJpWQOQECBAgQIECAAAECBAgQINBOQGHSbuUCEyBAgAABAgQIECBAgAABApWAwqQSMidAgAABAgQIECBAgAABAgTaCShM2q1cYAIECBAgQIAAAQIECBAgQKASUJhUQuYECBAgQIAAAQIECBAgQIBAOwGFSbuVC0yAAAECBAgQIECAAAEht2kxAAAOTUlEQVQCBAhUAgqTSsicAAECBAgQIECAAAECBAgQaCegMGm3coEJECBAgAABAgQIECBAgACBSkBhUgmZEyBAgAABAgQIECBAgAABAu0EFCbtVi4wAQIECBAgQIAAAQIECBAgUAkoTCohcwIECBAgQIAAAQIECBAgQKCdgMKk3coFJkCAAAECBAgQIECAAAECBCoBhUklZE6AAAECBAgQIECAAAECBAi0E1CYtFu5wAQIECBAgAABAgQIECBAgEAloDCphMwJECBAgAABAgQIECBAgACBdgIKk3YrF5gAAQIECBAgQIAAAQIECBCoBBQmlZA5AQIECBAgQIAAAQIECBAg0E5AYdJu5QITIECAAAECBAgQIECAAAEClYDCpBIyJ0CAAAECBAgQIECAAAECBNoJKEzarVxgAgQIECBAgAABAgQIECBAoBJQmFRC5gQIECBAgAABAgQIECBAgEA7AYVJu5ULTIAAAQIECBAgQIAAAQIECFQCCpNKyJwAAQIECBAgQIAAAQIECBBoJ6AwabdygQkQIECAAAECBAgQIECAAIFKQGFSCZkTIECAAAECBAgQIECAAAEC7QQUJu1WLjABAgQIECBAgAABAgQIECBQCShMKiFzAgQIECBAgAABAgQIECBAoJ2AwqTdygUmQIAAAQIECBAgQIAAAQIEKgGFSSVkToAAAQIECBAgQIAAAQIECLQTUJi0W7nABAgQIECAAAECBAgQIECAQCWgMKmEzAkQIECAAAECBAgQIECAAIF2AgqTdisXmAABAgQIECBAgAABAgQIEKgEFCaVkDkBAgQIECBAgAABAgQIECDQTkBh0m7lAhMgQIAAAQIECBAgQIAAAQKVgMKkEjInQIAAAQIECBAgQIAAAQIE2gkoTNqtXGACBAgQIECAAAECBAgQIECgElCYVELmBAgQIECAAAECBAgQIECAQDsBhUm7lQtMgAABAgQIECBAgAABAgQIVAIKk0rInAABAgQIECBAgAABAgQIEGgnoDBpt3KBCRAgQIAAAQIECBAgQIAAgUpAYVIJmRMgQIAAAQIECBAgQIAAAQLtBBQm7VYuMAECBAgQIECAAAECBAgQIFAJKEwqIXMCBAgQIECAAAECBAgQIECgnYDCpN3KBSZAgAABAgQIECBAgAABAgQqAYVJJWROgAABAgQIECBAgAABAgQItBNQmLRbucAECBAgQIAAAQIECBAgQIBAJaAwqYTMCRAgQIAAAQIECBAgQIAAgXYCCpN2KxeYAAECBAgQIECAAAECBAgQqAQUJpWQOQECBAgQIECAAAECBAgQINBOQGHSbuUCEyBAgAABAgQIECBAgAABApWAwqQSMidAgAABAgQIECBAgAABAgTaCShM2q1cYAIECBAgQIAAAQIECBAgQKASUJhUQuYECBAgQIAAAQIECBAgQIBAOwGFSbuVC0yAAAECBAgQIECAAAECBAhUAgqTSsicAAECBAgQIECAAAECBAgQaCegMGm3coEJECBAgAABAgQIECBAgACBSkBhUgmZEyBAgAABAgQIECBAgAABAu0EFCbtVi4wAQIECBAgQIAAAQIECBAgUAkoTCohcwIECBAgQIAAAQIECBAgQKCdgMKk3coFJkCAAAECBAgQIECAAAECBCoBhUklZE6AAAECBAgQIECAAAECBAi0E1CYtFu5wAQIECBAgAABAgQIECBAgEAloDCphMwJECBAgAABAgQIECBAgACBdgIKk3YrF5gAAQIECBAgQIAAAQIECBCoBBQmlZA5AQIECBAgQIAAAQIECBAg0E5AYdJu5QITIECAAAECBAgQIECAAAEClYDCpBIyJ0CAAAECBAgQIECAAAECBNoJKEzarVxgAgQIECBAgAABAgQIECBAoBJQmFRC5gQIECBAgAABAgQIECBAgEA7AYVJu5ULTIAAAQIECBAgQIAAAQIECFQCCpNKyJwAAQIECBAgQIAAAQIECBBoJ6AwabdygQkQIECAAAECBAgQIECAAIFKQGFSCZkTIECAAAECBAgQIECAAAEC7QQUJu1WLjABAgQIECBAgAABAgQIECBQCShMKiFzAgQIECBAgAABAgQIECBAoJ2AwqTdygUmQIAAAQIECBAgQIAAAQIEKgGFSSVkToAAAQIECBAgQIAAAQIECLQTUJi0W7nABAgQIECAAAECBAgQIECAQCWgMKmEzAkQIECAAAECBAgQIECAAIF2AgqTdisXmAABAgQIECBAgAABAgQIEKgEFCaVkDkBAgQIECBAgAABAgQIECDQTkBh0m7lAhMgQIAAAQIECBAgQIAAAQKVgMKkEjInQIAAAQIECBAgQIAAAQIE2gkoTNqtXGACBAgQIECAAAECBAgQIECgElCYVELmBAgQIECAAAECBAgQIECAQDsBhUm7lQtMgAABAgQIECBAgAABAgQIVAIKk0rInAABAgQIECBAgAABAgQIEGgnoDBpt3KBCRAgQIAAAQIECBAgQIAAgUpAYVIJmRMgQIAAAQIECBAgQIAAAQLtBBQm7VYuMAECBAgQIECAAAECBAgQIFAJKEwqIXMCBAgQIECAAAECBAgQIECgnYDCpN3KBSZAgAABAgQIECBAgAABAgQqAYVJJWROgAABAgQIECBAgAABAgQItBNQmLRbucAECBAgQIAAAQIECBAgQIBAJaAwqYTMCRAgQIAAAQIECBAgQIAAgXYCCpN2KxeYAAECBAgQIECAAAECBAgQqAQUJpWQOQECBAgQIECAAAECBAgQINBOQGHSbuUCEyBAgAABAgQIECBAgAABApWAwqQSMidAgAABAgQIECBAgAABAgTaCShM2q1cYAIECBAgQIAAAQIECBAgQKASUJhUQuYECBAgQIAAAQIECBAgQIBAOwGFSbuVC0yAAAECBAgQIECAAAECBAhUAgqTSsicAAECBAgQIECAAAECBAgQaCegMGm3coEJECBAgAABAgQIECBAgACBSkBhUgmZEyBAgAABAgQIECBAgAABAu0EFCbtVi4wAQIECBAgQIAAAQIECBAgUAkoTCohcwIECBAgQIAAAQIECBAgQKCdgMKk3coFJkCAAAECBAgQIECAAAECBCoBhUklZE6AAAECBAgQIECAAAECBAi0E1CYtFu5wAQIECBAgAABAgQIECBAgEAloDCphMwJECBAgAABAgQIECBAgACBdgIKk3YrF5gAAQIECBAgQIAAAQIECBCoBBQmlZA5AQIECBAgQIAAAQIECBAg0E5AYdJu5QITIECAAAECBAgQIECAAAEClYDCpBIyJ0CAAAECBAgQIECAAAECBNoJKEzarVxgAgQIECBAgAABAgQIECBAoBJQmFRC5gQIECBAgAABAgQIECBAgEA7AYVJu5ULTIAAAQIECBAgQIAAAQIECFQCCpNKyJwAAQIECBAgQIAAAQIECBBoJ6AwabdygQkQIECAAAECBAgQIECAAIFKQGFSCZkTIECAAAECBAgQIECAAAEC7QQUJu1WLjABAgQIECBAgAABAgQIECBQCShMKiFzAgQIECBAgAABAgQIECBAoJ2AwqTdygUmQIAAAQIECBAgQIAAAQIEKgGFSSVkToAAAQIECBAgQIAAAQIECLQTUJi0W7nABAgQIECAAAECBAgQIECAQCWgMKmEzAkQIECAAAECBAgQIECAAIF2AgqTdisXmAABAgQIECBAgAABAgQIEKgEFCaVkDkBAgQIECBAgAABAgQIECDQTkBh0m7lAhMgQIAAAQIECBAgQIAAAQKVgMKkEjInQIAAAQIECBAgQIAAAQIE2gkoTNqtXGACBAgQIECAAAECBAgQIECgElCYVELmBAgQIECAAAECBAgQIECAQDsBhUm7lQtMgAABAgQIECBAgAABAgQIVAIKk0rInAABAgQIECBAgAABAgQIEGgnoDBpt3KBCRAgQIAAAQIECBAgQIAAgUpAYVIJmRMgQIAAAQIECBAgQIAAAQLtBBQm7VYuMAECBAgQIECAAAECBAgQIFAJKEwqIXMCBAgQIECAAAECBAgQIECgnYDCpN3KBSZAgAABAgQIECBAgAABAgQqAYVJJWROgAABAgQIECBAgAABAgQItBNQmLRbucAECBAgQIAAAQIECBAgQIBAJaAwqYTMCRAgQIAAAQIECBAgQIAAgXYCCpN2KxeYAAECBAgQIECAAAECBAgQqAQUJpWQOQECBAgQIECAAAECBAgQINBOQGHSbuUCEyBAgAABAgQIECBAgAABApWAwqQSMidAgAABAgQIECBAgAABAgTaCShM2q1cYAIECBAgQIAAAQIECBAgQKASUJhUQuYECBAgQIAAAQIECBAgQIBAOwGFSbuVC0yAAAECBAgQIECAAAECBAhUAgqTSsicAAECBAgQIECAAAECBAgQaCegMGm3coEJECBAgAABAgQIECBAgACBSkBhUgmZEyBAgAABAgQIECBAgAABAu0EFCbtVi4wAQIECBAgQIAAAQIECBAgUAkoTCohcwIECBAgQIAAAQIECBAgQKCdgMKk3coFJkCAAAECBAgQIECAAAECBCoBhUklZE6AAAECBAgQIECAAAECBAi0E1CYtFu5wAQIECBAgAABAgQIECBAgEAloDCphMwJECBAgAABAgQIECBAgACBdgIKk3YrF5gAAQIECBAgQIAAAQIECBCoBBQmlZA5AQIECBAgQIAAAQIECBAg0E5AYdJu5QITIECAAAECBAgQIECAAAEClYDCpBIyJ0CAAAECBAgQIECAAAECBNoJKEzarVxgAgQIECBAgAABAgQIECBAoBJQmFRC5gQIECBAgAABAgQIECBAgEA7AYVJu5ULTIAAAQIECBAgQIAAAQIECFQC/wX90Zr0JqorpAAAAABJRU5ErkJggg==', '09929472714', 1, 20, 2, 'Advertisement', '', 'Laptop Acer', 'Luma', 2, 1, 'On-going', '', '2024-04-08 03:56:04', '2024-04-08 03:56:04');
INSERT INTO `cs_cid_information` (`cid_id`, `cid_number`, `cid_client_full_name`, `cid_signature`, `cid_client_contact`, `cid_platinum`, `cid_platinum_number`, `cid_representative`, `cid_advertisement`, `cid_claiming_slip`, `cid_unit_details`, `cid_remarks`, `cid_technician_id`, `cid_service_id`, `cid_status`, `cid_type`, `cid_created`, `cid_updated`) VALUES
(177, '042024-20', 'Fhranz Joseph A. Benosa', 'data:image/png;base64,iVBORw0KGgoAAAANSUhEUgAABEwAAAH0CAYAAAAnoLgFAAAAAXNSR0IArs4c6QAAIABJREFUeF7s3Qncde9YNv7rX0mSBkNEvcoQJSJNSEkRoiJzGTJWxpRQhmQo8yyVoYiiEEKEjA0ypCiUIUOmSpKU1PtfX11X77Ldwx7W2nutvY/z83l+z/O777Wu4Vhr77Wu4zrO4/z/SiIIBIEgEASCQBAIAkEgCASBIBAEgkAQCAJB4NMQ+P+CRxAIAkEgCASBIBAEgkAQCAJBIAgEgSAQBILApyMQwiR3RBAIAkEgCASBIBAEgkAQCAJBIAgEgSAQBBYQCGGSWyIIBIEgEASCQBAIAkEgCASBIBAEgkAQCAIhTHIPBIEgEASCQBAIAkEgCASBIBAEgkAQCAJB4GQEojDJHRIEgkAQCAJBIAgEgSAQBIJAEAgCQSAIBIEFBEKY5JYIAkEgCASBIBAEgkAQCAJBIAgEgSAQBIJACJPcA0EgCASBIBAEgkAQCAJBIAgEgb1A4FKllBuXUm5RSrlnN6Of24tZZRJBYCIIRGEykQuRYQSBIBAEgkAQCAJBIAgEgSAQBJZE4FGllPOXUi5RSvnS3jnvLaVcrZTy+iXbyWFBIAicgEAIk9weQSAIBIEgEASCQBAIAkEgCASB+SBw96omMeL7l1JeXEq5XlWatFmcr5TyjvlMKSMNAtNEIITJNK9LRhUEgkAQCAJBIAgEgSAQBIJAEOgjcNZSym+WUq5YSnlRKeXWHVHylt4Bb+5+f6H6/zcqpTwx8AWBILAZAiFMNsMvZweBIBAEgkAQCAJBIAgEgSAQBMZG4GJd+s2zSilfWUp5TCnldqWUTyx0eq1SytPqz55USrnh2INK+0Fg3xEIYbLvVzjzCwJBIAgEgSAQBIJAEAgCQWDOCFy6lPLSUspbSyk/Xkp5+TGTOXcphYeJ+NtSygXnPOmMPQhMAYEQJlO4ChlDEAgCQSAIBIEgEASCQBAIAkHgMxG4QSnl8aWUF5ZSblZKed8pIL2tS8XhXyK+rJTy/oAaBILA+giEMFkfu5wZBIJAEAgCQSAIBIEgEASCQBAYC4GLl1JeWUp5SCnlHqWU/16io1+txIpD42OyBGA5JAichEAIk9wfQSAIBIEgEASCQBAIAkEgCASBaSFw9lLKa0opf1wr4Cw7OtVynlIPpky56bIn5rggEAQ+E4EQJrkrgkAQCAJBIAgEgSAQBIJAEAgC00IA6XHRzrvkcqWUf1xhaNJw/r4e/4GalvN/Vzg/hwaBINBDIIRJbocgEASCQBAIAkEgCASBIBAEgsB0ELhkKeVPu6o4lyil/OUaw3LO19XzVNX5uzXayClBIAiUUkKY5DYIAkEgCASBIBAEgkAQCAJBIAhMBwEGr1QiN15zSDxPbl/PZRT7uDXbyWlB4OARCGFy8LdAAAgCQSAIBIEgEASCQBAIAkFgIghcqpTyklLKRUopb19zTFcupTyvnvukrp0brtlOTgsCB49ACJODvwUCQBAIAkEgCASBIBAEgkAQCAITQYDRK4XJz2wwnjOXUj5cSjlDZxj7llLKhTdoK6cGgYNGIITJQV/+TD4IBIEgEASCQBAIAkEgCASBiSDw3aWUZ5ZSzl9K+eCGY/qzUso31jbO2BEwn9iwvZweBA4SgRAmB3nZM+kgEASCQBAIAkEgCASBIBAEJoTAZ5dSXlZKeUEp5V4DjOtXSyn8SwSFCaVJIggEgRURCGGyImA5PAgEgSAQBIJAEAgCQSAIBIEgMDACVyml/EYp5byllI8O0PbduwIf96ztfHsp5RUDtJkmgsDBIRDC5OAueSYcBIJAEAgCQSAIBIEgEASCwIQQOFMp5Q2llEeXUh460LgYvf56beuqpZTnDtRumgkCB4VACJODutyZbBAIAkEgCASBIBAEgkAQCAITQ+DqpZQH1NSZTw40tn6lnGuWUp4+ULtpJggcFAIhTA7qcmeyQSAIBIEgEASCQBAIAkEgCEwMAaqSryyl/MCA47p0KeVVtb0oTAYENk0dFgIhTA7reme2QSAIBIEgEASCQBAIAkEgCEwLgbd2viU/WUp5zoDDumgp5S9qe/xRnj9g22kqCBwMAiFMDuZSZ6JBIAgEgSAQBIJAEAgCQSAITAwBypK3l1K+ZuBKNl9bSnlTCJOJXe0MZ3YIhDCZ3SXLgINAEAgCQSAIBIEgEASCQBDYEwRuWUr5oVKKSjZDhmo776wNpkrOkMimrYNCIITJQV3uTDYIBIEgEASCQBAIAkEgCASBCSHwglLK60spdx54TH3C5FKllD8ZuP00FwQOAoEQJgdxmTPJIBAEgkAQCAJBIAgEgSAQBCaGwOeVUv6hlHKdEcr+fmkp5QN1vtJ93jyxuWc4QWAWCIQwmcVlyiCDQBAIAkEgCASBIBAEgkAQ2DMErlDL/Z69lPKJged2jlLKB2ub5y6lvG/g9tNcEDgIBEKYHMRlziSDQBAIAkEgCASBIBAEgkAQmBgCTy6lnLWUcuURxnWuHklCbfKhEfpIk0Fg7xEIYbL3lzgTDAJBIAgEgSAQBIJAEAgCQWCCCEjH4V3y2BHGds5SyvtruyFMRgA4TR4GAiFMDuM6Z5ZBIAgEgSAQBIJAEAgCQSAITAeBy5ZSXlZKQWyMof7oe5h8USnlX6Yz9YwkCMwHgRAm87lWGWkQCAJBIAgEgSAQBIJAEAgC+4HAA0opSJNvHWk6Un3+sbYdhclIIKfZ/UcghMn+X+PMMAgEgSAQBIJAEAgCQSAIBIFpIfDXpZSnlFLuNdKw+oQJFUszgB2puzQbBPYTgRAm+3ldM6sgEASCQBAIAkEgCASBIBAEponAN3dGr39aSrlAKeVtIw3xS0op/1TbPl8p5R0j9ZNmg8BeIxDCZK8vbyYXBIJAEAgCQSAIBIEgEASCwMQQeFAp5SqllK8ZcVxnKqV8pFOwfHYpRUpOS88Zscs0HQT2D4EQJvt3TTOjIBAEgkAQCAJBIAgEgSAQBKaJwOeUUt5aSnloV1L44SMO8cyllI+WUqz3EDNvHrGvNB0E9haBECZ7e2kzsSAQBIJAEAgCQSAIBIEgEAQmhsClSymvKqVcpJTyVyOO7XNLKR8vpXxWKeVClaQZo7urlVJuUUp5fqdkefQYHaTNILBLBEKY7BL99B0EgkAQCAJBIAgEgSAQBILAISHwK6WUC5dSvn3kSZ+hlPKJ2sclSil/PlJ/7yylnLeU8p+lFCRNIgjsFQIhTPbqcmYyQSAIBIEgEASCQBAIAkEgCEwUAYTCe2tlnDHTcUzfOu+/Kw5MZv9sJEw+VEo5e237HKWUfxipnzQbBHaCQAiTncCeToNAEAgCQSAIBIEgEASCQBA4MASuXEp5eldO+KtLKe/Zwtw/Vkr5/FKKNKA/Hqk/8zhPbXtMJctIw0+zQeBkBEKY5A4JAkEgCASBIBAEgkAQCAJBIAiMj8ATSilf3nmYXGH8rj7Vw4c7c9kvLqV8ZynlpSP1+X977V63M5h96kj9pNkgsBMEQpjsBPZ0GgSCQBAIAkEgCASBIBAEgsABIfB5pRTpKzcqpTxjS/Nu6TJXKqW8YKQ+P1DLFmv+zqWU+43UT2uWie2NSynf0RFCtyul/PPI/aX5A0cghMmB3wCZfhAIAkEgCASBIBAEgkAQCAKjI3DtUspjajrOtnw+3l0VLd9fSnn2SDN8Xzevc9W2H19KuelI/SjH/JOllBvUCkO6oaB5XSnl30opjxqRFBppSml2DgiEMJnDVcoYg0AQCAJBIAgEgSAQBIJAEJgzAr9Rq8ggTrYVf1NKuUAp5TqllKeN0CmTV94o569tP68zl/3egfv5ylKKVJ9bVfLnpOZfVEq5YSkFiZMIAoMgEMJkEBjTSBAIAkEgCASBIBAEgkAQCAJB4EgEVMf5p1LKnaoSYlswKSX89VWVgbAZOr6hlPLaXqN/0qk8LjVQJ2fqKgrdvJTyi12aj3+3+I+qKvmvamYrRacfUoTu0pU65heTCAIbIxDCZGMI00AQCAJBIAgEgSAQBIJAEAgCQeBYBL67lPJ7nXfJxUopb90iTtQf31rTZKTLDB3nLKW8v9foG7sqQBcdoJOr1fSlc/fa+ngp5UGllIdU8smvEClXr/P7tqrgaafA+4dKKf8ywHjSxAEjEMLkgC9+ph4EgkAQCAJBIAgEgSAQBI5AwBrhstWg1I7+e0spZ6+L1XcFsZUR+IVSylWq2mPlkzc44Q+76jiXK6X8eCnllzZo57hTlSxWurjF35VSpNCsG1/UnfhznZHr7XsNuP9e3RFN1z+lFPPlO3yfWUr5wt6576wpQn+17oByXhAIYZJ7IAgEgSAQBIJAEAgCQSAIBAEIWAAz1rxtJUgWUXlAZ7D504FqKQQQFa2U71+WUp5c00uWOnmgg6gseIogIB42UJv9ZhYJEyasZ12zn7OUUl7SKXG+sZ4v5eaVpZQf6zxY/nrJNr+0lPLASq58dj3nPaWUbyml/P2SbeSwIPBpCIQwyQ0RBIJAEAgCQSAIBIEgEAQOEwGGoDwu/P1NpRS79H9aSnlOKYWBpvQRP1eW1gL2KV1JV7v2iZMR+LO68H9FKeUaNW3lql16zO9vGTjli6Ws3LESCUN3f8bOl0WqTFtTfqIjhZRP/r9rdPSyjjD59nqeNpm3Gv9/r9HWd5VSfqtH+vn39dZoJ6cEgf+9uQNFEAgCQSAIBIEgEASCQBAIAvuJANLjvF1pWSadCBJpCxfvFtFfUKdrga+iitQRPhSJ9RH4nVLKD/ZOf2H1EfmyWv52/ZZXP5NvyY+MqDA5cynlXxeG5WfK/K4S0nDuUU94cyXopPdsEkhA2H9VbcRn4DWbNJhzDxOBKEwO87pn1kEgCASBIBAEgkAQCAL7h8D5Sin+XLoSJOeq3hltphQjUhNe1y3qpYnwduAPkRgGAekgUpr6wRRVhZyLDNPFSq3wLfnRUsqdO4PU+6105nIHf3EpRRpOP768et4s10Ipl6ipN9J7pM9cqyNMVNvZNKTkqEp0r1KKSjrUPk3BsmnbOf+AEAhhckAXO1MNAkEgCASBIBAEgkAQ2BsEKERUQPm66tHQvB/aBKXOSHPwtwWoiikf2ZvZT28ilBXv6MoGn+OIof1uTY3Z9qh/uSPIblHL7CrPO3RQzSx6g/AR+dAKHf1Frazzya6izR1KKY9Y4dzTDkUYPquU8s31QOQRTBJBYGkEQpgsDVUODAJBIAgEgSAQBIJAEAgCO0HgwqUUpVal0yjbqjxtPyhHGGO+thqN2k1PbBeBK3cL8+f1upSq0lKefqWUcsvtDudTvT2yIy9u1RFlP1FKeegI/V/wiDLJVCfLEnMtZcjQntApTG62pmfJSVO7aSnlsfWAt5dSzj8CDmlyjxEIYbLHFzdTCwJBIAgEgSAQBIJAEJgdAvxFlFCVVmNBSkXSD94OjFntzFOO/FE13pzdRPdswE3N0aZF2dNK7CIrkBbbDlWNfqpWmnnMCJ1TbrgXWzB7PVOnaFEK+LSgiOKdIxwvNWfZajintd3/PRPaD/TKDUdlsgp6OTamr7kHgkAQCAJBIAgEgSAQBILADhGQUnOZ6jXi77P1xvIv1WOEz8jrKzmS8qg7vFgndP0PC9fO4v9r6vFv6aq2UAltOxA1t6t/Hj5C5yr/qKjU4j9rlZzTKtvwF4EPQlDwfXnwCONrTV63puIgI3munLvzdfn3EftL03uEQBQme3QxM5UgEASCQBAIAkEgCASBySNwxY748Edqjb/7wYjVrrtde8qRVKyZ/OX81ADPUtNQ2tqK0uKppRQLdeE6ut7bjofUCjk36EpH/8YInfNH6XuCfKyXhnRSd3fvShHfsx7gXr9CR5p8dITxtSY/p5Z0Vm5YPKziMmKXaXpfEAhhsi9XMvMIAkEgCASBIBAEgkAQmBoCX1tKuWxNr7FYO8/CAJmyKnX6hq7k77NX8H6Y2jwPfTyX767zi3sgMNhlXvqU+rN3l1L+zw5AaoSJyjPKHQ8d962Gsq3df+7IiC85pZNLddVqXlKVKP/VKU2u05FJTx96YEe0x/8HCakaDyWMz+bfbqHfdDFzBEKYzPwCZvhBIAgEgSAQBIJAEAgCk0DAAuy760JQ+VJEiRSAFkqmIkiU8n15LaU6iYFnEBsjwCeEX0gLZqsq47yo/oDi5HNLKSrBbDMoKW7blZH+voXUmaHG8IyF6j9KKKucc1zwN5FeJg1N2g7VC6NXBMY2Aol169rR0ypZs41+08eMEQhhMuOLl6EHgSAQBIJAEAgCQSAI7ASBr6oVa1Sr+cEjqtb8W10YqlYjxUaqDRPQOcVFeqac31RKedOcBr/lsUq/uXavz5tXtZBFeYtVy+0OMYVWJUfq1x8M0eBCG3/TkR4X6P0MKfgVJ/Rzv1LKT9ff+zxcvZTy5yOM67gmfW7114jMK5VSXrDF/tPVDBEIYTLDi5YhB4EgEASCQBAIAkHgQBE4Q5fW8qudaaMyreT12wiLKxU9VAT5/lIK8oBpZT8oRpiyMrL8wyNKrW5jnEP38XsdYfK9tVGLSovLxNEIWPyft/crCoofKKXcu/czqSpSVrYZKuMoZywNRkWlIUPJ5EXfkZPMbVUMoq6iMqG4uVsp5T5DDmjJtuDxS52HinUwEtC1SgSBYxEIYZKbIwgEgSAQBIJAEAgCQWAuCNgll/YixtodVqXmGrWqidQaKhLpFIIXhR3q19ayvu+tSpK54LfKOH+4lPKkeoKFvwVu4jMRcL+okNMCiXDWrgLMk3uqk09UouC06jFD44sYUEaX4ezQBsJUK4vqDN4tymEfFU3t4neUV9crpfj8bDsQoIxmW9WiG5VSnrjtQaS/+SAQwmQ+1yojDQJBIAgEgSAQBILAoSPAIPWSPRB4RzxoAFDsMls48Xr46tqeRS5zSosraTWv63br3zdAX3Npor8gfkIp5SZzGfiWx3m1atjbuqUwYgLrfrlE/SEFinSQbcfjSyk/Ukqh7vi7gTvnjcIjpR/Pr+WxF7tCKr2rGq76XN1rQX0z8NBObe5bq4cQpdjba1oR1UsiCHwGAiFMclMEgSAQBIJAEAgCQSAIzAUBhpLPrf4hn1UHfZfOaPUX15iAthhO2un+mk5BoWKHNBS75M+p6QNrNDuJUyhieGqYozSQf6xKGakZqrWcs1fNhP+GPxa7/94b/TdUJY0fwQOZlPhMBJTHVSa3xUM7/5KfqOTaueoPEW+tpO02Mfz1jhC4YSnFOD4wcMdUGcoVf7h3Lz22U43wb1kMP5NGJ/6ppsHsmnxUDllZZMGHiIFtIgh8BgIhTHJTBIEgEASCQBAIAkEgCMwJAYt95pEWgu1d9porlCa1M+54VWw+Xsut/lYp5fdr5Y45YbE4VgvjH6sL2XUUDf9RSnlzR7RYTMLD7rs4KdVizngNMfZ+mpj2eJc8qxJwjdTblQeMKjQ/1Kk5PqeOZ4j5tjZ49ly8U2a9o6eeOS51i+rmcvXE314wyB1yTKu0JU3ppTV9igfRd6xyco49HARCmBzOtc5Mg0AQCAJBIAgEgSCwLwgwf5UOYIeYrF5VGukPbz1mgtJLrtApLW5TS7s+u6ZRKP3aV1XMGR9ztEA+x0CToEhATom3LVRDGaiLvWiGwuKLezP58lIKogSR0MyBH11KudUOZoucYNx75mq0OuQQfOYYuEo9okYS/FKQbf1QRUc1HSEdB1lJsTSFaAocY5GWl0pQU7gqExtDCJOJXZAMJwgEgSAQBIJAEAgCQWApBBhr8tZoqSKL/gkMW6lJrlpKOWNVoNj5Z8a5bfPNpSa05kFIDekO/ZSZV9cysp+saTkWg9QiiI/FYIJpwcvXAU5HBX+Hx3VlYN9QTW55usTzoRSll/tmqkxMESbSb15YiRN4IkuQJtsOypYLVQ+TIfu+YI+cpNJo6hGGzC9e6IhfyV2rwuWZVf00FZISmfOq7too+Xz/TnF2pyFBSlv7gUAIk/24jplFEAgCQSAIBIEgEAQOEYFzl1Je1lM/8EpApNy0mrdKL3lIld4fpz6ZM25K2TLCPXudBFUI1Y0d/HUIDaSJEso8Hdoi+Ch8ECcWv8+rhrhzxnCTscO6r6j4zY5IuH4tfc0fpwWC4W836WjNc5USRgacb83zjzvtO6shst9Lt/H/4qh5SudyX32klHLHis3Aw9mouZZS5bPzFaWU/9yotZy8dwiEMNm7S5oJBYEgEASCQBAIAkHgoBBQXlhqDXUE5cj7O08FUntqEhVu9jW+ravGwnuhvc//XK0Y9K8DTfhbutLNFtynheoryg8/pZTy16cdvGe/b1Vo2rQomh5RK8JYfItfq5VqdjH1t9ROqUyGDGTQr9YGqZbOXwm65tnS+lKdR2pSCxWFGCtPKSjRGEl/QS0njghMBIH/RSCESW6GIBAEgkAQCAJBIAgEgbkhwDMCQSAlQhpAPxAljDf3OcwPQcFDAkHCpwJ5MmRQ70gxaSElhyfHNUop0niOCt4wUhukORxCwAdOLfjoUFk8rfcz6gtpK7sI6THUR18/cOc/36XY3K2UwiT4r6p/EAVJ38tFl0oaI5UE5QYvlakpOJA8cKKo8plikpsIAv+LQAiT3AxBIAgEgSAQBIJAEAgCc0DgLLX8L6+On60DfnfdwVc2V2nhz6s///HOsPSX5jCpNcbIvJY/hrBgRRi9co12TjvlPF3Z5ff0DlI6lx+FUGFEiWKpO5euu/P99v6llHLfzs9DmVnXZh+DV4n7r8WHulSoS1Z1SfsZv5wf3uHkpWZJx0EsDhnUJVQm7g/lgb+pqpHcE/1Qfeo69QdIpPbvIccyRFtS+B5TDaGl9KmelQgCn0IghEluhCAQBIJAEAgCQSAIBIEpI3CZuii/XZcGYBH/rqqm4B3RiAI715QNSup6v+XfIWXlj6Y8sTXGhqB4alV6UJYwtOXhMkZ8WeeH8ve9hqkkmldFvz8Vi6Ra3Lj+3f+d68DXg/rF4r3f3hhj3mabN+jIiCf2OnxGRyD9ZXfv3aP+7GNHEEnbHJ++nl5KkVqF3BkyGCxLhWP+6z7RvjLUV+514r5wvZu/jjLgUremGH1yENHXCNkpjjVj2jICIUy2DHi6CwJBIAgEgSAQBIJAEDgVAQsYBq5XqbvXTvhg9ehAjBwVdobt+H9+/SUy5bKn9jSfA766erJIe7AYt6s/pmdIvxIKlJYpLWyMlD5ULxRB/VCxxzWR2qP88dyjX5LWXPhgSI1qce1O2aGs7y4DQXH5SjQOOQ7EkMpLSLDv6dREn1vJoxv1OkFYvqKSl+5T/68E81RDKh/1GnNe934iCHwKgRAmuRGCQBAIAkEgCASBIBAEpoAAXwyLTDv3yAD+HIJJ5AOW9Oggq79lbzIqllA4zD3s1r+pLuQobKTljF31R3UVlUNaqIxz8SWB5HVCdcIPgirlbAvn8bFAnCh//LparnjJpidzGALpuOozSg1LW9p1SIm6Vlcp6osGHIi2EB/WkSrMuBfFQ7tKOD/R64dS4y71/1/UO27AoQzaVD/F6p5dyzySEkEghEnugSAQBIJAEAgCQSAIBIGdIkCNwEPg+3skicX579RF2CpVX1S64JtAmWJBZ7fYIp8iY85xh6quMYfbdGkOj9zCZKgG/r23wfo3tVTzql27JrwrrlsVP6oZLYbUDaoF6UVKFbv+U47/0xmaqg50VFDSIO5cp10HHx+pMFLWhgppb4+ujSFIlO0WCAZEQ4vXllK+oZYT5nfi8zz14LOCYDJ25bUTQSCESe6BIBAEgkAQCAJBIAgEga0jIG2GH4dqG0qPtlClgiJkk9Kj0kKkQlysNjp3A1iLXaoSqTj8Me5T0xzGvmgIJ2RVS3Fi3tr8KNbtm2oIcSL1AVGGTDkqlIeWvqPajtLQ/v6HdTsd+DyKCoSV+6wf7rk/rGQCo1eGr7sOJY6RFU2tNcR4+KKolMSzxGfr7bXRPmFy3s7T5p3153xs+Jz01UpDjGOMNm7RjZU3klD9iKFt4sARSErOgd8AmX4QCAJBIAgEgSAQBLaIgIUTbxKLuK+o/SrNShXya6UUqQybhgW+KjLMYoWFmsWtyi1zDOVbEUvv6PC5Zk1h2dY8kCS8YVoMuXawiEc+fHu9Vnb0P+eEiblPpHa8oKaCbItAkQ5lnF9bSvnJTj1yriPGeNdKZElBkYqiKo1yu7sO1WykRTXSa9PxnLOSCFKqHlg/t39RG2XK/PD6b8qTB9d/M15un8VN+x/7fKWFkV4iaTljoz2T9of80pvJlDPMIBAEgkAQCAJBIAgEgS0jwM/hzp3vBk+RFrwr7NTbmV8l7WaZoTPfZEjZ3nV/oZTyM8ucOLFjkAqIEn4i1CWtrO+2hvmWBSWFhfdYJVeVhFbRhTmo8rSMf0/yTGHw6/5RWpkXCiUKZco6gahhYoq0oUyifLlivS8vdESD+vms+nN4UN78Wzd+1WOMnxrov9YZyMDnSMlBUJ5ERK3SpTSjRoo0fFolqn4VHN4mFEQ+11J45mLyixykmOHTwiPoqGu/Cl45dg8QCGGyBxcxU1gJAQ83D1gMOcZdab5EEAgCQSAIBIEgMA4CSo9SSFy617wdXJVuSPrHCu+4lAjNkNKiVuqPSjtzirZAtaNvIf/mLQ/+j7vr9K29PimE3r/FMfBRYQAsxYNKyH1ErXCUYgJx4rpTKTGZVZkFscGAVqrXV1X8eFQIqU5UTtQgywS1zUtqqtDDeic8u+e/Q830mlqZZpk2xz6Gast8h/IwQUy5HjxmkEvUQS+uk+BTwwMEuSeFjFcNY9zv6Egb6qC5BA8a94xwz7TUormMP+McGIEQJgMDmuYmj8BtSyntIScvUX5iIggEgSAQBIJAEBgWAQoPRAnFQItn1rQFhorbCIoBKhYpFUKlnZ/eRscD9YEssFhDUvzKQvWfgbo4tRkEgSo3LaaygPySTkF0yVIKQo4fyj/XBfwmaxuk1Id61Ycoeyz8/7yaB7d0MYoN16PFjbuFtRLQEUuBAAAgAElEQVTDyAOmtXffgRLouAvJR0Ua11FGu6de/IUDYE1Bg1C4d01ZYdT8u/U4ihPKkvauzTBYKhl115wCGdT8j5hHm3PigBHY5EvlgGHL1GeMwO17bt4eIky5EkEgCASBIBAEgsAwCFi8Ikr6FSb4KFhgWXxuOyxkpQoIHiZUCnMwnzTeZkAp1YO3wp9tG7yqGGiKDN3z8aDcmGpIjUGUWeNQQlCiUKf0jYWNHZH20Q5j1XmkXvAbWVZ9JIUMCSEYmlJU8FOR8sWQtxEHU8BIZRrlnTclTJB3THhhSnWk/Pd7unSxG1XvIXOVRvUnFdtLVEW34/xsTsG8VvqbiI/JnK7cSGMNYTISsGl2sghw3ufOLjDl5LqJIBAEgkAQCAJBYDMEyO5V5OBV0oJ/gh3mbaZwLM4CQaJcrQWfmJPKhBKWwSgvFkTULkJKh0Vxi6kTJmNjxAsEsULhIvqGpi+vKUPSgT4y9kCWbN+9Q/nCk2OTeFBHOCptTV1Cqf1TtbG+uevXdEavX1i9ZPwawfI91dtlk763fS6CUGqReOmCwmrbY0l/E0AghMkELkKGsFUEyCvtMtgR8LCbygNtqyCksyAQBIJAEAgCAyFgMcaPpJ96Y6FElv/6gfrYtBn+FderjVACXLCmcGza7pjnU+g0RQnzzOYTMWafR7Wt0olFcQvqjTdtexAT6o/fSUvNkS71I3VRzSQWkeJ33zyh8bpvEBmbpKDz/GumrVK0rtoz/n1ST62tD8SKzxqz11vXVKUJwbHUUPrzDWGyFGT7fVAIk/2+vpndpyPwf7oH29/VH8X5OndHEAgCQSAIBIH1ESC5l2Yjx7+F8qL8G561frOjnOn5b2xtl13qxNR9FWD7szV9yEJ03eovmwJqDMbSYirlcjed17rn36pW5nE+Q1M+KjbfKCmYGN+vVoNat/2hz3tVKeXLa1rSOm37fD+3nih9CUGkZHeLljYGC14ur6i/QBzBxDlzi35KTgiTuV29EcYbwmQEUNPkZBGQwyyXWaiO01JzJjvggQbG7M7un7JuKhNceaB200wQCAJBIAgcHgJSRJRy/cHe1HlaPKr+mSoiT+wWuDeog2PsqTqKqipTDO/nqoowe6Xw+MkdDvImHVaP6/U/FdPXXUHS98TpL6aln/1oJRCnZBJKpeQ+QpqsGt9VDV2pZ/i9mB+1Vj/a54ovkJQk6SxU3L4fmDzPMX65+gcZ+y0XDH7nOJ+MeUMEQphsCGBOnxUCHvge/OJOlUSY1QRWHKx8bQ92DuZnqucqq3hUKb4Vm87hQSAIBIEgcGAI8ALhR2LH+Sx17hb1d6yKEsakUw7eG8wn29ivX0rhazbF+La6U98qv9i931Vco/OleXqvc2qdd+9qMBPo1z3f0lsQWQgtIeWbuewXV3PhCQz1U0NAmPBUOd+KA3IPqn7j3P+qVX8YoC6GqjhSxvQjjczakoqbAm3q3wnHQUId00pNx+9wxRtnHw8PYbKPVzVzOgoB9dQ94LHsgms3l/N9jod0OdqqAgkPrUaUIE+UeksEgSAQBIJAEDgNARVA7lpKuU3vQF4Nv1XTb+biBeadl7fKpes8eDtY6E0xmm/Ii0opV9jxAHnT9KucIATmcs2Hhu4cC5V0kBCIkvPXssPSXxANUwrVf2ygXWCFQV2+FkVgcMuLhB+RDbij0sLcG+6Rt3QE5IVqH9J0VMaaa0jJUTpa+XPVNFXXShwwAiFMDvjiH9jU1VNXV70FF/9m2rWPUHC0f0L3kLxvLe94mV5eqYfmLner9hHvzCkIBIEgsG8I2FlWFeN2XWWZM9fJId8t5n+xU5Z8bIYTRj48r/PksBAU55mox4JyrcZm0fbYHePsneFvemOw+UKteoghlbupkv68qijgQGnywOo5471rSkHtYdMQqbNM3GyB7FAivO9hs9gGE2XfFVJ2mnoLgfLqZTrLMUFgDgiEMJnDVcoYh0CAududa0NyK886A4f8dedt9wfTjyC6Ym1EzvHb67+VfpRnmggCQSAIBIEgcBQC0m6Uk7Wj3sL/U5pISZhrWOwzpOXN4B14ium5KppQBXyi84o5e12I7hLv5l9hDN6fkE27MqDdJQ76fnhPacXc+F51QPzhLler47TKRrsea+tfJR+hQuRpQRnCi6gpS366lMKb5bhwHKLk83oHMH1VOSsRBPYGgRAme3MpM5FTEPCF7qEv7JD5twf/PsaTu7zTi1dZ6IfrBD3UpOHYZeDjQn2SCAJBIAgEgSDQR4Apqt3yr+/9kI8B7wI76vsQdsx5sQhlj79hYpOi6lGaVcWVqZi0U5RYFDPJ7S+OJwbd6MORciOly7sVYovRqQ04Kos3d14v1Mv8PqYUqtQguE4zfX1YTb0xdiQLZdmzT5nIOTsj2PcvHDMFVdSU8M9Y9gCBECZ7cBEzhVMRWJSTyr2lwtjHuEtNw/EC6EWwH1QnTPtUzLGrlggCQSAIBIEgAAGLQJVvGDW2UAEEefK6PYPIIk+6APNSMbWqL6qQXKfzxpBa+xsTwb69P/Cugd8hBh8QRAmVkio4rZw2j4snVY8PZXWnFjYJESZt03BxfD4HlDMKBAgp20gPqpnT4ijChPHtu047Mb8PAnNCIITJnK5WxrouAkqcPa13MrnkN6/b2ITPa6768k/7JQDbkMmQv697MX5hKeV7JjyPDC0IBIEgEAS2g8AFawUUO+MtGB2S5e+zEpFhrXeDz6q76o/YDtxL9fKm7p1FRR8pHi9b6ozxD6KeYOhJrfuF43c3yR4od9tGFA8fG1RCqhpyi7/JUyc48r+tHiNfsjA2G4f36NK1b1hVMn7NZPh6VTGz7FSa6sbxTJUvu+yJOS4IzAWBECZzuVIZ5yYIcLv2UGghJ/MBmzQ4wXOZw9kxs/tzyWPyix9T68lj/u0AJIJAEAgCQeBwEPiR+t3/p9UjQxWLfgWWD9Vn5UmeBfuCFiP055RSLCL7aoEpzI8iQDU7Vf0W0x12NT4qI+qjQyZMqC5+pV6Ab+3SpXyOzlBNg5EP1Bb/tKsLdEK/ChxcuI7VYapE3nqhmo9UK8auDJ1XLQWMJPF5Et6tvWMngsBeIRDCZK8uZyZzDAJeiq7a+x0ZpRekfYkv6gy2XlJKOWM1spNTe1R4OaY+2eeUpH25pplHEAgCQWAoBJDo1+hMRH+mNqhMaF+ejyhh5toWg0P1O+V2qCT+oKpNp2KuCi/PcX5jYkrVaKTxUlUIRrT/OOWLO9LY2qaTCkbSWPjgUQFJXZliOeEGwx91fjgIHooxShhedi189p9ZvxvWvaZSyKhSfI7gctw76EiXJc0GgfERCGEyPsbpYfcIvK+Ucq46DA84uwAeEvsQPsO/XR3J5aCTXh4XSKIr1QoHp5l/7QM2mUMQCAJB4JARsJhDlNzmGBAszFWQs6uMRDm0+NlOjanSCW8KaarSVXcdDEQtXJmsKuU8FXP6RgzAZypYbfta/XG32aZcrrLBCEZxv6qomKJy2b3ks/9TR/iXUAxJJXr8AOXBz11NlClubMwlgsDeIRDCZO8uaSa0gABJK4fwFn9TjU/3BSiGfPfpSghffQnVjLLCzO08KO04JoJAEAgCQWB/EVhMR12cKd+O2+7v9E+d2Q/WBSO1yQO7heMdTz1j/AOaiebUUl++tKccsAhnEHxI0crs/ks1e31NnfxbSyl8gKQrTaWKFNN/74YqLPV9S4ydiTA/uymQg4d0/2SuM0cghMnML2CGfyoC0m+e2zuK5PiWp541jwMY1zKEs9txr1OGLL+2lRiWosT8NREEgkAQCAL7iQD5favYQWVp82Ax9ul5uM5VtJjkEUJh8pellIut08jA5xgTHwyKn7MM3PamzSFxpHI9ulPp3mrTxmZ2vhLCf1WVP8gj1+d8taKMe+ioz9e2pqjM8w/U8tiMjL9yoeP/rP4l51jRzHVb408/QWDyCIQwmfwlygA3RIDc9p69NuwoPWPDNqdwOgnkG+pLnl0Ehl0nhWOeVw94WCnl9lOYRMYQBIJAEAgCgyJAhs+E0QJP/HMpBWHewuKupaj+3RGLq0EHM4PG7Lj/UCnFotJCGF67DL4lH6vjQeRMKZrxq3eJ753SwLYwlut3SpInLxgE/3itJvXLHfH2o1sYw2IX31VT7iiMFwmbT1ZvEmPjvYJEcT9NJcVrB3ClyyCwPgIhTNbHLmfOAwGlA69Th/pftXQaWeKcgys7k1fmWt/ZlYSTanNayLdtKhQKm0My9zsNm/w+CASBILAPCCgNbIF0qSMm89/VnNIiqx+H/h7Yr3xi4fm7O74RKDgoOYSSx1Na4CJKbL5IR/mmHeO07e6lbElzUV1GyW3xe5U44hPEOHWscB9Io1aul3krH5WzVY+bxT5VSlTligrIvwU/HKol1RQTQSAIrIHAoT8o14Asp8wMAe7g7eXxT455kZzZlD5lUsdg7Gr1BXiZ8T+97kQ49oq1OsAy5+WYIBAEgkAQmD4Ct+uqqty/7iIvjlY65p2rf4ENg1YlgzKRnP+Qw677u6oZ/IOqQeYu8eCVodoIgsvY/D2V+M1SynW7Tai/LqV87VQGtaVx8PzwLskH7h/qtWHOawNLGhVSYp1g7KsCESLzQpUEWfxMIs1OWq+9uRJ9jP2957p/WlCTScljyIpsSQSBILAGAiFM1gAtp8wKAdJWElcvjEiGx85q9J85WE71SiHerVfib5kpkV5TpAjSTP+fCAJBIAgEgXkjYNeYj9UNj5mGEqjIEukEFInUiS38e1FxMm801hv9lJQTFCZNBWsxve5CfD0kTj5LRb5r1mp8jE4PKah+PtK9Q7YKg5fvFB8v7kiUF9Tqg6tgwUuE2fLFO/NV1Q2l0a0S1NLu2ZdW89Y3nnCyDTJj/PWep9EqfeXYIBAETmEsA1AQmDsCjVlv8zj/kukrU523hyxHdg9JXizL7jwhSN5RJzU15/2pYp1xBYEgsD0ELPZ9n/GTSCyPAINH6ZV9j5L+2bxMPCuaNL+lFbRj7lBKecjy3e3tkYgkZIA0B1haGO8qmukrVYHqPVMq9/zsqmw9tEp7Ut3+opRCqYswEtRcqiohPlSbOi7OVFNopNEwib1Sb/NqmXtM+pN3WRV4pADxrqMiWTbu3fnhKJ/9E929/dBlT8pxQSAIfDoCUZjkjthnBJiSecAIOzZfNPPJ/mGVg16kmsItOx0PdQ938frqpL7suTkuCASBIDAmAv10QUal5OWJkxHwDHhA9ZNozzeL635Y3DKqpLJsYSfauS0s4BqZfsiYq0ZjI0I5ViTU7+wQjLbRgzBhQiv9YyrRUpylfqhAeCjRyBGqEu9h4lVVHYIIefURQEjVeXA1g5VmdVr8fW3TO6v3NJ/VIfxrGsmVVOzTrkB+HwROQCCESW6PfUbAwwqrLuYuR7xNV87P7iDTr6Meziddx18tpdysHqAMsbSeRBAIAkFglwiQoTPlvkIdBPWb9JJmeLnLsU21b5UwVDmzcKOGUNnFgoiKpB9MKT0z+guus9cSus2/5J2VgJ/qXLc9Lt5g96i78Mw9dxU8MpqRu8+DhfRUArlGsfq43jvFVMY25jjeXYmrS9ROEFlS3T5UU3QWiQ1qZubBX3fKoHiNPKtTnjyxVt+RajN0GKf76CvqmIduP+0FgYNAIITJQVzmg50kKSNncaFs4FNmigRztT+rO4o/t8Yc5KmTHAvGgA9fo42cEgSCQBAYCoFv7L6bn9Mrb6vdW9XKDkP1sU/tkPVTi/Dh+uo6MSaOv1gXr80D4d+7csJPLaXctPO5Wlx8Xbv+ruFikXajfQJpw7nwkqAe+KtuEdsWxhs2udbpFtl/Wc9EniC2phCINvcXtYQUD745hxDfXA1TpbbwjhMqLyJ7meD6XLZAlMDFZ+24QIZR6vAVQZaMSRAjShAmKuQgTIdQrBzCNc8cg8BnIBDCJDfFviIg/YbRa7vHz1ud8Oc2Xy8nTF4ZwXmhs6O4anhAe/FqD/qnrdpAjg8CQSAIDIQAdQRVBEPLVv1BXr8FROLTEfAcoxRBdFvwiE/W3esbV+l+M99U8eYZlXjy7FuM+1XCpf38BvGM+TSImMOreqJCCaz9exdhk8dmj+CdcZKh5zbH11e+8PGQSncIQdH1I7XCDDJN/FolG69XiRM/4z0jnZD6pB/8Rhi0vqJWF/rAFkH7vkrK8DKiTk4EgSCwJgIhTNYELqdNHoEr14eUgSIMMP9zDC/FKvvYkWX6tWooS+hFuoV2XrtqIzk+CASBIDAAAr6Xn1lKOWOvLbu1m5K4lHcWcSTy/jDw9GeuoRKH+djJb0SJuVh8/Vh9FljIMZxs4TnHV+Itx0zaoukyvd+ds2cGO1echh53w/Qa9T4duv1l2uOJ0Uw9L9ZTmyxz7pjH2LDh2yGoLqhe9z28P72/pkX102ukSfGaUXmQgkP4vLbvHAbWPHHcT8jhXUUjSReVMLsaT/oNArNFIITJbC9dBn4KAv1qAHPNt+XWr/zv43teLKte+G/qeZ7YmWQMOKUyhavOJ8cHgSAwTwS+vyojjB6J+/Iq8bcLumm8byG9p7V3z+4f66QxbjqeTc6/U1cxiJ8GxUMLHgpKA0sDsBhDPPFIsKATjEH5mMD0qPAsQSQ180npPN+6ySD39FzpFcovP6FTpN5kR3PsExP+/cc7Gsdit+6vZoarYt+UzGjHgugHKnEmFUdKjmCU/LZKZCG0WtyrU3/dtSqbr1tLDo/hSbLKXN/UkdFSulUfoyhLBIEgsCYCIUzWBC6nTR4BL4R2QQTDU6TJ3MKLm5daEt1/XnPwzOuQR0JedP8Bv2aTOS0IBIEgsBICKpZZbEl3kLNv0U/ebkG4aXxblbsf146dXt4USmqqljbFUFHj9nXB1a92g1iyS/1LPS8LqUx2uNtxfCWQQnaTjwv+MI+sv7RjbmE3x2fi2NfOOzGljlSo5gszdp+L7ffv535Vlm2PY7G/H633obRgCrFD8MPgeyfthkK5GfHeun4meZU0TxNYtao5/EIYMu86+l44F6gkz67HlP6DwGwRCGEy20uXgZ+AwOJu2hzdwb+9vuRfrZdatM5Ff13PwE5pPLuXiSAQBILAthC4eP0u870sGB7yQ0BoNzn7JmNpi5rWxr91Xh3+9FNZ/M5uL5UGAmIdL6hNxnjcudIvpCS1am794/62S3tANL2190PvbC8spXx372etSg4F4XEhxUNfMJCS+R1V3TPGnObeppK5PHVUg6Hw3Hb0VaGe/8rMTiF8dn6hesHxhNv3oPCiXPubmhLd5sus+qr1z3PrD/v+Lr6PFBnYdbQqkfxTfI8kgkAQ2ACBECYbgJdTJ4uAMpVeKsW7Onnt3B7u3Oi94FpMXH0DlPs4MAGkLhligbLBkHJqEAgCB4QABYkFH0NEqhJKD4t1VSR4mQwRSu3+flcB5mtKKZQaLSgpKEpaVZn2c15Q9+mlFwwxhlXbuEg1YP3hUspnLZzMFPKOFZ9/Xfidcf9M72cUKHaPT/pe7+80uwbXquawq475UI6/ZZfe9ZjqSbELY9Nv6PmMSRHiPzGFoKb4+eqfs8sqQtvCgh+QKjbuB2nRAunr8ym1DSHbzJUbmeQYx6pStcswPiWgeSHdvPrg7XI86TsIzB6BECazv4SZwBEI2AXxABPSWryUzimk0ZBYX2pDh3w57nwDvFQrJawkZSIIBIEgsA0EELSIa+ai5Puqfdk9twNL1j50IAK0K6VhkYT4RM/vo/W7CyNEfgJKAX/PEePhMfKgmjrzsSPAuUUp5Zd7P6dAYU7aStAehyfTcAs4ChTYMxI/hHSKde8vVYeoeqRwHaX8WbfdZc/rE1zu50cte+LIxyECVItRCQY5ue/RPjd9hTLlCD8Qpbv5lLTwOeyTa37nmF0FZRLlme+9c++w4tOu5p9+g8DgCIQwGRzSNDgBBJikNUO7ufmXyE+ninlAfbFeF84LV7KFWkVOLbWJ9JxEEAgCQWBsBCw6ldFElgiLe7uxUkKkkxxFCAwxJkTJd3bl5Jm99ivCHNc2YtqxYwcD0btUNchiX76f+Uw9ulugf+SYgahu9rKeEeyLarlhi9eTwvOEygYuSJIrdoSScxPHI+C9+IM1HQfu2w5laVvpWYoifjNTCPfNd9UUlUXV1hTGN+QYmClLx/G9JZWtBVUcI1jXxLXpR0uB8TOGuFIR3zvkoFZoy3eFtG5Ve6j5EkEgCGyIQAiTDQHM6ZND4Ez1BbFVA/Di7qE3l/DQ5WZul6m9NK0z9pfUhYNzp5JTu848ck4QCALzQ0AaTsubZ1BK2s48EZF9XNnbIWdpweN79Hbdzu9FT2n4V2qKigXhkFUtGIdSN/5U9cNYHAayA0miIsti6k3/WKVLLYB4akipaWkCFCmnBcx9/wsmu1Ip7DonTkbgGXVhLJXsOBJrLAxtcqhkJ73s16siaKy+Vmm3VaKiVLWhs8/R0pmRnBRhwufZZ851kTb1+gUAGFojiRvJ9ob6edu2mou6hXrO5xxpogBCIggEgQ0RCGGyIYA5fXIIeElvJmke8OSIc4mvr94lZMByqNcND3b5+x7ggkFZMydbt82cFwSCQBA4DQHfPRYNjaR4Ta3eQsYuvYDMfZvhHYdnigo00mDad+JRY7DA4B1lofPXVWJPabBq8BRBkli4wGMxXlm/31UNki55UiD+LdKaYS7DVkSQ8S0TLS3TscrCIgISpyNgoawKinvnuFLNp7ey/hGNnOD5o1LOrqNf6thn+427HtDI/f9qra7Yry5zm5rajAA+zzH9IygQlO33N+rKED9x5LH2m9ev7zDeJT7r10z63RbRT1d7jUAIk72+vAc5OfLqu9eZe1B5YM0luK8rFUn2elLFg9Pm0y8lHIf009DK74NAEBgKARUlLDKEcrfIX99H1BSk7EMqOFYds1KoFhBK7PKHWjb+rJZCliqptKi5KPNufkgYP0fMn6MusBm6HhU8XJT+ffGyHXfEdyvl6hRpTJc9Ymf7uOaQQwifs1R1iZ1vyoXE6QhY+FL1eJe41+mHD34Eksa1ZubLQ2PX0Qgk978Su/sc1GlSavjY9FOyWqWp03zxfrbeN9pBwqoGhoQdO5TBds9SJ0vDs3mInE0EgSAwAAIhTAYAMU1MCoGWu2lQTPLsFMwh7GR5oaYGaRV+1h03yXvLMWaA+Kp1G8p5QSAIBIElEeibbTvFDr3vHws+L/FK/U4lpKZ4Nlxy5AFZMEm5YbotJWbVkGL6j1UZ84iaYrRsGwy/KUwEA0j/n1gOASQTbxnP4l2UZP21utkjnYNK6aPLDXu0o7xDUJnsikAabWJHNHzljuSw0cTg1nUQKi2+s25kSdd56QkDsun1F73qjEpTX66eP9Y8rOWkFFIjuWd85/Dv23Y60FjzS7tBYOcIhDDZ+SXIAAZEwA6iF4tWWtJOiB2RqYfxyjN99wAvtQwVES/CTqgFwZQWKlO/FhlfEAgCqyNwnVLKb9XTpJnIoSddlwrDt+S0Si6r9zjMGb4bkRJDh8UVfxJEyWlpN0P33dqTBqWqhzm6Pi1Vdaz+9q1dioIL1ZLY257bHWrFJP0yL/6jbQ+g1x8TWp9l3iqqwQxVDnyHUzqx6yfVjSukqs+xuEf3HwbRlL/KCZ/ma0PF9sheL0hPqqV1SNNlcGqlsB2rbDp10km+SMu0mWOCQBDoIRDCJLfDPiHgxaJJEMmk7QrMIRgTkv2Sib9pwwEjS5Amor9DsmGzOT0IBIEgcCQCvm+kE0oBsaBgVGm3U0ok09OnTRg3O8XUfdJrmDsyc+TR8FVLjlnlH3NnzMprxLyRQyq17TJcCwoJZBDTc6SVRVtieQQoevjuUEdt+lxevtf/OVJabqtmxDujv/heta1Nj79+KUUais8I8mTXapdN53PS+ZRF0nFUFOyn7b2t+z47X32/REacFtJxEJTUKC3ghwj7pdNOXvH3PuO+c2wQ+v5VnWfb9+uKQ87hQWB+CIQwmd81y4iPR+COXdnF+9dfMxe8+QzAUvmAfNO4773heL+296AkA0Ug7aqs3YZTyelBIAjMAAHEApNXZoPk3/w5kL8quUgHQdpOOZAkd6oDNJe2o6wMrwXTxXqlkds87C5LUeBtMlXJe6vyYXyrpvJM+Xptc2z8bpRl5SPzy9vsuBITrUre4zv16U233H+/O+ahV+/K6z6/lHKVHY5jG10zRmbGTCFCISYQJDxlEB7uBYTwMsGo2bHft3AwI19lxKX9DBHNjJaSjdJk2fEN0XfaCAIHg0AIk4O51AcxUTt9PECEXRGy8KmHkpbSZsg1mfptEkr9qc4gdv2Stck8cm4QCALTR8DO5qvrDrzRMnxl8vqgqragPNlVOsqy6F2xI0ZeUA++dl0gL3vulI+THiUNhwKGl5dFYGI1BKiGbDwgSyyUtx3SYL6sputSCO0i+KfYdKFYUqIagbTPgehFCp2rp8hqfjKuB/JklTRvZal5OyG8VLxqgcj0GfW+pt11gxKJksX1oSD7lq6KFjVMIggEgYERCGEyMKBpbqcIkETLLxWMBjnMTzk4sNulHILc4ZBuvhYxHNKRMKTYiSAQBILAGAi0Rbm2kb0WBTxLvqAuOngyTT0saCw0vAvduVaxmfqYTxufxR6lDE8vPgbSKFId5zTUjv69KkMIA34W247n1s8RZQO1wi7Ix5t071KPq9WWpKqtU2Z727it218jyJAmKnoJ3w9IM6k6fObWJa6uVUqxobWYJq56jhSaVcN7HiUfJQyyRPUx6Y/NR2rV9nJ8EAgCpyAQwiS3yL4gcMFaBs58lINj1jb1YM4lX7Z5jmwy3jmmI20y35wbBILA7hBQLUMJd4Es4fVAzm4HVirLX+9uaCv1bAddiWChdKoUnbnHbbuF3sPqJKgsEfKJ9RCgWlU62sJ5UwXoqiO4a6+k8Td16tnXrNrAhsczebWhgyy6T+ePYSshIwMAACAASURBVDz7HFKieYwgS1qlQv5yD62TVh79wRsA4LuGCTPFiUo6LShYVkldtDnGs0Qpc/Hf1RdFOePTzGg3GH5ODQKHjUAIk8O+/vs0+xvXUmrmxFTrxyc+OeU25f4rN6cU8qZBDn+B2sgNun+rkJAIAkEgCAyNgPK0KmV4f/jPakjJ8+OGXTUPKS7bXthtMj8SdtVQBMKHX8PcA/4UhnadPV+aEfrc57WL8SPRlMdWrpX3xDbjStU3RJ/SqpTB3mY0Pw+KVZ440u/2NaTLUGVRKX9z/V7zszfWzTcVB5n/+kxtGsgSpqxf3mvotTW1xmf3qGpW1GLIFtdk0UeG/93dSilKmCeCQBAYCYEQJiMBm2a3jkDLM9XxdUspT936CFbrkNyWk3rfRX21Fv7f0eSerRIF8sVLciIIBIEgMDQC0j281DeT19+vJU+V3Lxab4E3dL9jtdcv32rH9n1jdbSldhEljbBiGsoDY6rGtFuCZKNuVFBSSelnqjJgo8ZWPFkqVTN+fXq3eGdCu61AgCqBS6nL/8ZifZ8X5IxZkaWUug+pIDO69TOVZ6QlDelj4x1N+eI+adK/tgoBnKGm053tmItOWeLdbx9I3m3d1+knCKyNQAiTtaHLiRNDwE7AReoOAB+TJrOe2DA/NZzmXcKgFnGyacittStCMkxdYvc3EQSCQBAYEoHPL6W8o77Ea1dFHLvOP10VfQys5xZSDnwf211etpTwlOeo+obUAYtbZNCjpjzYkcYmlUQajcXvpWtJXF4c6wQ1gPLMz+6q2V1jnQY2PIdviY0V5r1SMbYVjUjUL6XLPqtLYPoHdaPJd0Dzvvujml6IRKWc8445ZPB6YvqKlFt1k4uvzcN7Fb6GHFfaCgJB4AgEQpjkttgHBLxIMO4Tf1xfkqY8L7tFdo9Uxtl0949fgAe78FLznd0C5t+mPPmMLQgEgVki8JRaKcPg31JK8f+k4EpZqso1x2hG4TxXlGWfczB/5Il15rrA5uvVnotznteyY7cAZTrMDHMxKG9et2xDC8dZKCNOmIJuOxCUX1lNe82PqmDsYEwqxZfCAeHGx2OIVJSxx71u+xeunkvKCDNRFarPvKjirfwv9dyYgTDhC8VUlqHrUaH6jSpFNsT2ncAaE+u0HQTWQiCEyVqw5aSJIeBhZgdIMCIkD59qyIOVr6rk4+8OMMiXV6NFTalSMdeFywBQpIkgEARGQqCf9oeQZX7IBJJflEXGpsTvSMM+tVm+EDfrFHoWRd976tHTPoBxZPv+R2ZJoziE4O/A6FbajGoyi4FkOEdViqyDBz8wxrmUq9Qm2wwqLv4pwrsD74uxw3sJnyK+HQxfqRn2OZBCFEiIExVxhFRDKiX3jtSc9n65DRwQY3CXTof0fH2t1CRNZ67fs9vALX0EgVERCGEyKrxpfEsI3KPrp5EkUlPIrKca8oHtGDF93fRFpKX2mKvdBwaGh7SjONVrnHEFgX1CwCLU90tLCbAYt6BClkjHmfNLfEs9eEFNPZjzdVOi9GJ1AmT+yPRtB48bKRwWmtJiqRW+og7i77vSrFfuPCJUC2EWLMWLKkbJVotElWiOC+1JjVAFhO8DxYef8do4Lb66KiZOO+6437dKKdIypG5sMygKmnfJjUopTxy5cym9+oAzg1GEzT4HNdb7a1Uc8xWUv82I3/ylTm/6rrbPGGZuQeAgEAhhchCXee8n6WXXy4wXNKkuXsamGCTf5L1MaZtJ6ybjfFYnM2ZWJm7evUg+dpPGcm4QCAJB4AgE+oba/JJ4RVlUSX+Y6nftsheSuoTKxML02sueNMHjlJ1tMn3VXJoqYaihMifnB4LsP19N+5Hm8q4dpaqcNC9eXu5PmxMvGQAAWFo4I9eaIegAzS7VxINqvw72fPecHyv4d/x5JaNsQLWy4WP1N4V2qeMeWVVmjF1FU5f4bqOs856VCAJB4MARCGFy4DfAHkxf6Te7IXarkBBSXaYav1532Cw45M5vEtpoJmT+Jhv9200azLlBIAgEgQUEWvlzP7bDTxEgfUWZ033wSrpNNU+8d/VjmesNIG1ECs5Hu7QCqTl8slYN6hQbD1ITLBalKDV1yKptSTs1Fgaa1EnaQ+h8fMUyx57rVKPUk7wdEDaIG34iUnEWg7qUjxfSZKigfJGKgziE7Taj3Z/6VLXGc3+M4FfCC41q1bWD9z77lsDQ+uet9Z5EODLYdW+9qgKMHPb/2/CNGeOaps0gEAQGRCCEyYBgpqmdIPA19UVC5z9cHfF3MpBTOrUrxyjxJ+qOxqZjRA7Z/RAPre1u2mbODwJBIAg0BMjVGWVKafiXmnpjMYWc9f/7EA+r/hcqoMy1upg0GEoPi14lhS12j1vkuaYIBZVXGIYzmfRsUlJ52bBBwVfBH/cB8p+3BgJtbDPKfopKf7xSUaWKSZ8ZI0Xs3ZUwRN5sM757IQ3ItWIEO3Q8ojMMvnUltsyR0mTfQ6rNc7r7RUr3z9fJvrLD+zJd9Zp/rd5MY6dA7TvGmV8Q2BsEQpjszaU82IkgSdSzF1767IJOMUh5pc98fX0YbzJGCxjki+Bmz9HdC10iCASBIDAUAqo2kOVbfNuxp2CT328xsS+hqhrSgMEiL4M5xn2q4SnCgiKhGb9evKpOqDE8My5QiRJkyWmBFLFofnv9g4iR8vonp5040u8pXaRKHFXJ6IWllB+r4xyp+yLNiRHnUaayY/WpXWa1H+x18IudEuIuA3eozTtVRQmF7jrqpIGHtJXmvDvxw+GzA+N+WhuDVZ+fMci3rUwunQSBIDAsAiFMhsUzrW0fgbYzIi3lotvvfqkevey9szMOu3OX+/2Apc44+SAEEaJI3L++7AzQbJo4IAR89/9UTWWzu9ZeDH2GSL/3XY59QJd6ramepzN9/MtqxIkgsVh2b/h7X0I6p7QRZDNCYY6B/LDYY6QqhYBxJQWQijFIoNPCZ92zU1lli0RYTM003aKWgS2PjX64dlQCSK+xvXQeU8tnn20HlXKovJA1QtloaUlDpRzxRPmV7n75RE1J8z5xCOGdTEWcZ/RMdV9aSmGWLOasODuE65c5BoGtIxDCZOuQp8OBEbDzxXxujJ2XoYb66Goo6IXPS94mIb/cy63wgsyokBw7EQSWQcB3Pv8JL8o+N0fFvTpVAXVB4nAReEWt5IU4k+5g93XfvmeoFaSS8P9QHWSO0RSWFryIDukELeygv7cqRShGVKPhCcLEEjmias3Ug6eGVBvlVfuxbWXlT3aVfB5Y/VS2TSg1BVGb/307guhnB7hwFBR8S3jDTPn9aYCpfkYTzHSZVn92/c1Vuu+459Z/S3k6f9QlY8CeNoPAfBEIYTLfa5eRlyIf2wuh3bVdlVE87TqQQzO9oyyx67dpPLszZbtabYQyQP5tIgichoCFErk1ldNxu+n8CJTrfHj1Ajitzfx+PxG4Xl2kmp2d+8vVhdW+zVa1st+s383KI88tkAiqtzRjVioxagu75k+ecYpRuw7Sv373iHLDFJb8Nrbpo0O5o+qOEr/bTlnxfa2Et8+hMsrUJbxM+qk6q967F6qqHVUFeffceMt4rjreIY8/e/XdQYDdsTYs1Yz3D+LR95/PUCIIBIEg8L8IhDDJzTBnBJAkZJRkxPJQp5hvSsrrZYS6ZFN/FWZsVCWC+eKVB6i2M+frn7Evh4DqGe7DL6iH/3s1Cia//nCvCRJ+BKTFo5fJxOEh4HtKCgCvBt+nN6wKjH1Eonk3WCD91owmyAiUIgbh0/xIECUIec/Dfqh847N8y5HMQseCTUrEEyqB2++D2sT32bajPXupEhgFbzuQ2EpgU4MIpbApBdcJqZi++73/80KjSqIiO5Sg+L1pfWfkW2T+zF6Fqjlft4UUr0PBOvMMAnuDQAiTvbmUBzmRO3QyY9JK5XqRElMLudeMEr2cDJHigCT5hlqN4LbdzuLjpjbhjGdSCJCz2z10H7Zg4kjSfdy9w0DRfTa0seCkgMlgjkXg+Z2x55UqWfJzveoR+whZU+vtwpdiVTyN0TOOsoKHheAtgwS12KM+WPQdkm6AHOXVwrjXM0hJaNVtphxUcL9wxABVg5OKsoty1shkKUy7Sl1BYL6hllNu0FjYSylbNlQU9K4kvU7wI5KWw8vjUEJampRmqUjSmQUfH9goHY2MnPrn41CuVeYZBCaFQAiTSV2ODGZFBMh1v7/L0f6Bmpe94umjH64yDgmvl1lpOZvErXrliC1q7Yp6wCeCwFEIeLG/Sa2y4Pcfr7uS1CP/cQJkdh8RLXavE4eFwF27nH7+NWJXO/nbQty7j1116kSVy6YaPEq+t1ZYk1YnED3KnbpG5vHjHSn62CMmgChBmDSfhv4hlCjIE/4tmyofh8Sumasutkkhw5x0VyEVxvcmovlHdzQIihKbL1KQhapBVKbLhDQiqbxKTwspKNefmepomXmedgwSWBqzyljUupRMLcXKRgG1yUnPx9Paz++DQBDYUwRCmOzphT2QaXnR++REqzcoB0juaQHiIb1JyDNW4tEul/xlXhTNoGyTdnPu/iHgRVC+u53DFnZkVZNQGvO0QLR4LigzmTgcBCjXpHVI8VAdRyrHPocSu4xDfVYQDlOKL+nMwZmM+p43TkFNgjBQFU7FtaauZFDpWh1X6tnn3mdaO2c8ZpJwYGRqZ31XqXhIAPNru/79oSqV/MgJXCAVapghq0K0i+C9IWXE/dGC78arTxnML/fSd7wv3btL7blfJdN2MY9d9Uld4p2R4fGlSyneq3zn8YOhHnJdT8NyV2NPv0EgCOwYgRAmO74A6X5tBOTaSy+wU/ada7cy3olyjuXJqsSwqeT1waWUn6hDtatkV4RiIBEEGgJeosnVLS6ar4F7REqOxdUHloDKC6XF2GWrTHmJUwY5xHNIlQIv8y8YpMU0sgoCFtK8DPhAWVAwqnYt9jkoFqgZqDcoLaYQPsM+v/5YHAsEuWeJ1NO+z4RUT2av1A68Pk4LzyEeJ99Xq+WcdLzPIE8XKoQ3n9bwAL/3vUPpYmz9YOr6bZXAG6CbjZuw0PY9eoWNW1q/AZ5CPFSk6AgeVO7l315okqpV6taNqsLVr6X03K57X3rZ+t2feiYjYtfM/YYEW9dn5dSO1jjAO5TPkZRDKl2kEcWl56QNAmRkIggEgSBwJAIhTHJjzBUBclKVAJjfedmaUlCXvKe+2GxafcHuhzzlz6s5x5dPju2ULvUkxqIEIu+JfulNiysGhat8Nnym7LzxSdhmqCAlFUjsogrFNuc6xb6aNxIpOnNLC8N9j6fVFIWzToR85tnxI53i5ZwV+A9VVQUFjH/347u6RemL6nNBJZlVUjNVwZLCyjCd+sQu+0nh2UN58ppKZg5NoPjOklprgd0P6kx+Eqt4dIx9z/KK4RnTV++N3edi+9KykCMI5n7cs6okpOpSnTRz2HaMc45S72wyfs8d99IlunvjUlWp0W9PhS2fr+PUT5v0vc65NgOseVQIotb1Ped6UutK7V70AFqnj5wTBILAniIQwmRPL+wBTKvJTMmRScinFHYufqy6rb9rw4E9p77YakZ6zxDmsRsOKadPBIELdznp96mKozYk6Td2zpEQFh2rxEtqesLQi6KTxmDxZ7ePR4Cwg6psaGJ8BJCwvl8sTFXEQVpRs+17mLfPhvSKVqJ9V3NW1pQyrPlSGAc/EkR7v4JVf3xKIV+rqgUetcHAeZtQQXqunEactG4sfl9e/yBpNyHXKGSoHvopJvpRKlk60tQqtyg16zt3kdzZ4BKsdSpSW3plUxKe1ggvNb43ixWUTjvP9aF0Onf3PXHJ2h+iAanKcHYxpLO4P6R3uXZIGiTFFKKVSve58mzkW0Kpqyqce+1VUxhkxhAEgsB0EQhhMt1rk5GdjAAi4sz1gT6lcsJefOUZe1nYdKfeQuYPKgwk815aSLQTQYAs/HcWym5SNVGVNBO7VVCycLNo8ve2wmdFakFLP/CZthjJPT7+FbDw+b1qeGrhzMcC9vueigNZqkRlWX9wh15QUiaQ/l/du9RSYahMTjJhtWPvMyM1hEHlKuqSk+4qlbQuUjFh+CxNZtlgnkmBQoGxbHlmxIP0Umlg/ZBCqBqQdJwpBdwttKVznGcCA3P/8N5BnB0VPsfIdCTJSUQJxQpFCtUF4srf0p1tRFkf9Ik8/SBFVNeRrvWRWoLc+w4PkCkHRRYljHRDJs/Sknzv8c3ZlYnvlPHK2IJAEFhAIIRJbok5IuAhbyfDTvrUDPssWOXJMt+007JJ2L27aG3Ai5EFciIIWPA9vpYLhcZHa8UM7v/LeJUsIkjdoeoGM8Btqkt+rebYG4+Xb4TgptWkcnecjoBFA2WJv3khUDLw8mCAeAghBYkSi/fVtgkieEsl7adUvK4z4FRKt5HjJ10DJDyvBT4WnjVjhXQLzxykDE+K5pmxTH/UBdJ4ECieWYtpNQyGzRUJ0Q/zuu0yHWz5GKlLiJxWKadVK9ryMI7sThUlKqH2HHAvib7RvJK53iN4mkj5Qo75W1oW8qN/bSkuXC+EiL8/WEtSK8O77c/KUPgi55QSbgbPMEKe8C5BDq3zzBxqbGknCASBmSAQwmQmFyrD/DQEmvLCTtSvTwwbC86/WkiTWGeI7cXYuSTaN1+nkZyzdwiontGvZEHyzN1fFaV1AwFjR3Gb6hKLEIv2Fj9USZ9155DzlkOAisTOPjk/ZZ6Fk+9Qu6yHUE6TV4FFPL+eRaPM5RBc/ygEh7SnplCwWFXBhqnrsibelBx8rRAax6XsrD/C48/0zOWfJR3km7rytquSBgzaLbotTqWrLp5/q07h9ugxBr5hm7w5jLuFz0xLH9yw6cFO52OD1KLykGbCp6ZVuVpMd+p3Si1ibjxy/O0Z4p7ct5C2ZmMNUSe9iLIOYeodaxnD5H3DI/MJAkFgDQRCmKwBWk7ZOQL37V7u71J3SuyITCXkw3sZ/5418oX7c5CiYKfdi4+XIDtBZNiJw0bgbt3L+s9XCBjUWfBx/l/Vq2QRRV4OKmj4exthsY5YtLsneCEsmhhuYxyH1odF71NqOVFqEiaQSBJquE0It7ngyAiTuoQ6kQ/DtuJcVcHVr66CLPQMW8XUVOqE68ZvQSWrXQbiBIZSVIxrFQVKf9yf6M59aEfeUcf9+y4ndETfVBlIBZ43/ZDK8d9bHKv7BrFJKYJs4x/i38bAtPSkcK+756V52ciRPuXd4lCUfMgtz0cbC8gvql2ksc8Rommuqpkt3n7pKggEAQiEMMl9MEcEmFPK/SYtnVLYuW05shzi141+qgLJLQl34rARIFUnwxcWFowa7z/AC5+XRwomC6BthfQfqpYWvAE2rSa1rbHPtR9kCYLNTj+VEtPIQzJ6dd2UDqXokPrVUhfGvp5KvuqzEQrS55CTj1yjYwapPCYoPKZmdM7zBK7+SP2wqD+qWstJ035j3WgwTwvaVcikNeA88RQkibQi6RwtfHaoexC+mzzfFzvmqcE/BnZnq+oQ7zaq7S0bUmjcWwgeHlD+fkf9vC/bxj4eRxXFRJiC0UaUZ6iUMUQftVYiCASBILAUAiFMloIpB00IAbuEpMjKQqqoMZW4QDV7tfDrp0ysOr6+BJhHi5f8qRngrTqnHL8ZAu7zlnpmRxaJRsk0hNmxhRvTPmkB2wiLPS/zwu7e59RyyFFQjYc+FZLqN3wYyNB5S1D3WFCR7k+l7Od4CPxPCguSQQUzJVjHDmaZUgEs1Fp4ZqmIs869fqOOiECkS1uRvjKnuEW9/5i0t/BMo6A8KRAWiAnKN/eo7woVeqgGKC83qdBzGn6e4YjFftyhPtuRQ1I6lo1mpmrxjojxjEegfeOyDVQvEQoRniL8OBh8u4+QS9tMzVphyJM4lPEtghJ5R8no2vELOoRqYJO4ABlEENgXBEKY7MuVPJx5MKHzwi/nXpWBqYRdci9YSvFtkibkJfHidXfNLrz/TxwuAsruku8jClXE8PI31H1vB9OiQ8WUbcQZanUCCwZBKUNWbvEw5I7tNuYylz5UXWEQTFFiwcZHQ5lR0UpszmUum4xTlQzpDJRUYy8wSf1VqmrVn4ybdwkz8HUCsYDUlH7h+TL2+NcZ43HnUE4weO1/x1CI+l5rgURFpvhe8D3Hj8Nc/XyZkN53xppyglihIFD1yfcN3J61TCO9Y6juqA+MxfcTgkalGWQV0osKpF+dCPHhmuvbv6VLUouYk7b402jrpGgEiLFT2vAVobD5u0psrjiFHF4RoAry+fndao6LdEISu0aJIBAEgsDSCIQwWRqqHDgRBO5edwhJfncp2V2E493dC5+ykDfbACfGZHYlhV0Qu6GJw0WACkDOOWKDsoS83y7zUEFtYJHS3wUfqu2j2uGZ8dT6CzvMFiJSI3j0JIZHQNrWXXvVIZRwpSoR0nOYZi9rNjr86LbXonQ2hLaqOH0Dz6FHYFFMsXWTXsOIGsTUJsS3lJ6WTsT3ZC7hfrOrz2+jhe8vJN4qwa+Fb4iy5wgIIWWFasjPd+3nsuxcKGXeUjdUWineKESWRW/145BXKhVKyUHQIaEQWd7VEkEgCASBlRAIYbISXDl4AgjYnZJXzO18KtHyZJXmfN6agyLhtrPkRZCi4PvWbCen7QcCjCJfVr165KaT5EupGDK8rCNh5L+PHRaTFgt2yJE/KhWo6ED6vs3qPGPPcyrtq/6AELHQ5nUjncHilZeJShiXq3L+qYx3rHEgGy1O+UAhCMcKCzLKL4t4wUeCmSnCapPwrEO22Bl3zXwXzCGYlHoWqkzS4heqQm6s8SsV6znq3YDHmfB9w3dk2fD8lV7bj3+oz2ZlkKkTmO4uKuKkxzRlqVRDRLdjmCofSrnuZTHe1nG/0dsM8MxRGYvyKxEEgkAQWBmBECYrQ5YTdogAszUv+wiF6+xwHItd85dQGcfL1rqu64+oL/RezsjGSYoTh4sAZ3+LDi96Fnq/OjAUdmXld5OSbyOopZqxqx0+OeRSQ66Zl9hB4fcdxPsIedsvu958THw/Xa964Aza8UQbQ5RQMEkN+chIY4Q34rEF1RQyUDrFpvGbtS1VpOyUzyGQvbxGLlgHy++D79LQhO/QWPAaQa71U6mMXWoQwspzGVkivWjTymRDjz3tfToC1EieM4hi19BzhgI4EQSCQBBYC4EQJmvBlpN2hECTWMrDbxVDdjSU/+3Wy5MXY7uJ61b6kF7ECNMu/I/VBc+u55X+d4eAXTALLnnWFnte0oeOZ3QLgBdu6V6zS84rhacAo1rpZippuNctTuTtJzZHQHoV5Q5iWepi8ypRWYUnA18IC1lkyiEYvSIFzVe5d7gMHcox88ewOBPI7l+pxq5D9KWcrM8o/xmE/Bx8fvh2IHaYbArlbKls+OhMPXxevFv0o+/z0wyrKVjMKzFdBJppLw8am2tM0hNBIAgEgbURCGGyNnQ5cQcIkO6TlyvDN6ZD/ipTY8JJ9u5lyu7UOuFl3iKGOd4V12kg5+wNAkr83rQaO0qfGKP8qdLXjJP9vY2w4JNOIFR4sNBEENr560v2tzGWfe3DDv6T6uRU82hkiR/ZWfW9YpGnnOZUvjvHvBZScZBEvpMRD0MHEgbeUkCE9DnGrkOVKrUzTtUgncRGwZ8PPYER2vv8Lp1FGsTVa9sUPUg8n/mpB1UMfx9VbFqoqkRV0shFKT++j/mozGFOU8d8zPFJXUMQj50GNuYc0nYQCAITQiCEyYQuRoZyKgKIBS9gXobtHEwhmIqp9rGu8ZyXS7v9dictkPlKJA4PAaoACzDGqPLeGVSOlft+71qZZkxPh3YFEYFtd9+CXeqChYjqBRb1i6U7D+/Kbz7jtjPON0MJat8nLdr3i9QuC3qpf4cQzFeZaDMc5Z0zZCDt+747KnA0kmCofqgymPbqCyE/h6CuuXkdKD8P1W7eOYeB15THvmE7ksTGjO+pFrxNpMoy457LvGYC/+DD9IxD4Hm+UDUmgkAQCAIbIRDCZCP4cvIWEbDjJm/YzvgPbLHfk7qSamAXkEHrupJvL/MM6ihV7IYkDhMBVTwsaHlMfP8G5sGnoWfXjUGh8txvO+3gDX+v1KcFBwk7glOqEUKoVfxAMvo8J9ZDQFoTjwuKHbvj0rj6SgSeDPBXtpnKx/fUIaTiNL8WZdkpHoYKahJ4X7k2aBf7Z2tlsyEJfCSP54png0U7AnXqcYteuXPeEVKI5qLCsAFjzL6vhAX23arHUx93RInPUxQmU78bM74gEASCwMAIhDAZGNA0NxoCzb+kn1M8WmdLNnzPuovJ3I4Z7arBw+HRXTrPczsp91VXPTnH7wUCSus+vCt5eKtKllBgjJnvf5tq9HqtLaD383XhoSuVPqhNqEws6r9wxeoVWxjurLpQrYOhKf8jPhpKtX54YQatUg7liRQSpMm+BxNj6TEq1vzogJNFlmgXgSEoDKQ+DW1kygPE5wPJSLXCw2TqIeWJysaOvnQv///BqQ+6Nz7vFEypWxxX+pjfktK0Njhiyj6jC5yhBoEgEAQ2RSCEyaYI5vxtIUBayciL54HF1xTCrq6x2NldNSwY7fRLxVCS8rWrNpDj9wIBsnvye4aOFmBSCcYMCz3lFf9ozE7qokJ6GU8AC3ZSfbvzFvgWVYihoSv/jDylSTQPT2o0O+AUDr4Xj8LxkjWli9HuoZRuVkLW96jFOs8caY5DBVKqlXqnMpC+MQYBZbHeSohTY61bdW2oeZ/WzsU7AvYlnQk7NZPvFqQodcxcwviVVW/qEumC1DFHmbpSaiElp+ShNhecM84gEASCwKwRCGEy68t3UIN/Xk0j8GI2pPx5XRAtSLxoeYl+/hqNtDKrc8pRX2OaOeUEBG5Xqys55C4dufCLI6MllU0KAYPisUNVgh+s8nYKKmlGPrcUVQhGsvZ/GnsQe9b+eWr6ByyZT1IJ9T0W+tP90y6t65u7Y95UKy0dQiUiflK+45fwiQAAIABJREFUl5ElquMMFX1DXQS5z9G7hmq8146UPKl5SB9mo3xnph4IBiSolFTVSBg5zyFsWPguhDmVn/h4V3paOhd10lEhnRFJ6R4bw4x7DrhljEEgCASBg0QghMlBXvbZTfqza+lRL8Ftl2/Xk7hv3TVXacSL1iohR91LsTQe0vohd0JXGUeO3R0CUiha6o2S1F7Uxw6LGwRdq6YyVn8Ma+06C/4LdnHfXHdx3esWJBYqieURuEpnYPrUWvnhQaUU6YAWb0dFS/VTpQS5IpVk34PKhupDGtJNBpzsWUopb6wVpSgo+O68Z8D2W1NIGGa9SETpp3MwFYXLRepnnUpyLkGJ5DtQyXY+K57HgiLOdTgOe8QKJSDjeVW+EkEgCASBIHAgCIQwOZALPfNpIhW8zFhkWSxMISxGVDFRpnPVkPfuxYz0+omrnpzjZ4+AnVjpKcICT7rK2KopZWUpWMYu40vabsGhTKd0gut1O9DUJkIaDsKG5J06K3E6AnwTpN3cviPVfOdQJSFOjgsLfGa+jCyZ7Eq/moNS4XQkjj/ixvVz9OyqahoyjUWlnUfVrpGayM2hgxKIIoghr+v1nKE7GLg95XWRcO41ihuKnn8ZuI8xmjtb9z1792o87ftJWhuip5U8lw7J4+m4QJj4LCGEXzHGANNmEAgCQSAITBOBECbTvC4Z1acj0KoeeLEku951qJIgRWidKh8qWiBaSJgZMSYOCwEv6AwSybsRCdftXtz/awsQuOceW0p53Mh9SS2ivhIW7Bb6bUeed4kFh5SglHo8/UKQ/ivViuSiPmBOeVplo/tUjxOlzi9afZJO72m+R1AJvLR6S3g+8IUaMqQ0SR+jkELcUxgMGcxdkSXSrZQqnsqGwHFz9Nn2Gf/7Wvb4MUOCMUJb56zfsa6hFEGkic+QNCteK1LVVOBzXREhrzplDFKOqL3cc4kgEASCQBA4EARCmBzIhZ75NJELyqB62Rl7J34ZqCw6yXjlma8aXsjsbpH1zqmSwKrzzPGfiYCylJRSdmYpi6QQDL0AOwp3Kii75Ocf+aK4r0ncmSOaFyVNqyJiV1revzmPTdqMPM2tNN+vMETl8EtL9GpxyFuDkTSPpDsvcc6cD/F5olQyXyT20KolSqjfr88cJYqfMjBYZ+0W8dLkkCZDpxINPNQijeW3O7+ub6kVYigkp2zuimy8befxc8MeEN4jpEG276QfqmWnKZKkdPmcnRa+3yi+bJgkgkAQCAJB4EAQCGFyIBd65tNUyk9VD/n4uw7lJe2uebn69RUHw6TxaTUdR9WFxOEgcN5qRMnzhpyduug4D4qhUXlxXeyMvRvcjIyNn9JB9Z8WFiQIlC/tFvLUD4mjEZAeoAqO0qyvrDvhf7ckWK6vtKcPdClfF6opPEueOrvDfA8jnykHfBePcW8jS5Amb62pG0N6l6h2RL1yvjoP6oZtkKfrXGhKSmlgX9apnaQ9TeE5fNQ8kGbSs1QXasEzyb2BcPTc7ofresGqdjOnZVKh3l/TdpBHiSAQBIJAEDgQBEKYHMiFnvE0OfDbhRsrf3xVaOyQ36Oa3a2at21Hzks+z4rE4SBgB1yuv8Wd60/xwa9gG2HhzeBw7AU0rw1ltqUaWZhcuEcImT9fEyk6J3kEbAOPKfchhQYxDEMVPFpq0zJjRsjB3zMdaSKVZ1/jzDWt7burMuOmI6R4ITYbUWVx3F+Eb4qra6QksXQiC3BqRQbgUwzpJ6pc+b76uVLKQyai8mxYUc35PpXa+G09AKVQKad9nJqNH4nnt3uJwgQZtIz5+t/Uz6aNj0QQCAJBIAgcCAIhTA7kQs94mhZYD695/Baduw4vuhY1FjSrhMoVv1D9G7x0JQ4DARWe7M7Kn5eCRdK+zQoYPH+83CtXOmZonymzlLlr9mTv+kTavLD73DCe/YMxBzHjtmHE28YiThrBqjhJ8ZI2gpSyeBzS+HRKsHpneVGn1rp8/R6myBlDmYEkQBZo29/6HCIs0HkJuUYUDhb5FJRTDAQe3yE+H0g499YUgkpNtTx/Fn3AjNdz9rdOGWhLt3KYdMVbLzmxt1Tj6qQVLglYDgsCQSAI7AMCIUz24Sru9xwsIkiCvSRtwxzzJDQZ8zEVtOj1YrZKeOmUpvDgVU7KsbNHQFrKvUop7+5SLOyIWyRtKyzK7AjbPR0zqBuQgGeo1X9U+ujHr9Vd4C/f44X8JvhKB+CP4TvF4vzDKzZGzcNbwXkqby2TWrBiF5M43PuKhaqS3AgMJOSqKr9lJvL5nQrwvdWLh7KC59BQ8eguZQp5vgvydNU5PKKmO121e+Y9f9WTBz6eL9LVa9Ut5OJiMGFFlCBml4mHVY8Tx6rkdRrB0tp8bSW8lvEUWmYcOSYIBIEgEARmgEAIkxlcpAMfohdLL2sWArsOJopeHhE4q1T5kENNfk16nTgcBOx+yvn/j86vgH/NtheylCyq1CAdxwwpP6pOWLCr6NJX0PBqsIMuRYRZYuLTEWhVbfghWUh/fA2AfqMjrBhYUhIhyVb5blqju52cQqkFI/N0P6m0tKy3y6oDvkkvlQO2lDtDRLvWUj94lrxxiEZHauNMnarkfR3hyisGIUdZse2wMSHdBjFG7bIYH6smrsiP06pHLZ4rfe0rqyJOOuGyJKVqYxSDY5SX3ja+6S8IBIEgEASWRCCEyZJA5bCdIIBg4PvByG1Vg9WhByznmZeKPO5VDN/Ihu1GKScrrzpxGAi0ijj8KKRYWHhtM5QoRdIotTpmWMiofuPzcbtSyiMXOrMbzDzTAtdxif9BAJGEQJNSgkiSdrhO+I70vaTc6bd3htJ/vk4jEz+HB47Pj/v57VWpZcE7VqiiogoMU2aqsFcP0JHvgPYMoyLatWLjtCm1FC+KOP5HY4bqd1JkeDwhSaQp+XwcF75PkLQ+P+sYZ/f9aVxbfS4bPKhcu3sve0KOCwJBIAgEgfkjEMJk/tdwn2dwq66UMFkwyb+Uhl2Glzg7S162lk0NsttOOm7n2LmJw0DA7qzKNN9aSrH7eaeu8skntjh15WWlyPAMGbrU6uI0kCBKBiM2kSeLZb8tEpXQtks9hZLgW7wMx3Yltc/3gYXo9264IG8L29/s0r0WU6GmMNdNxyCNi+dHq1aDwBjzWYDoRMoI/iVSQTc1ZKUutMinklHqdoyKPpvi3D9flSZqGM+5iw+shEFEMWpVnebrq+qSiuW04F/25E4VIr1PeusmwXS9mSLfvaZMLtuelB/+QmN7Qi07nhwXBIJAEAgCW0AghMkWQE4XayNgB8kijHR216Esqrx2CpNl413VKE+Fn8ThINAMUP+0Log3fcFfFTkLCyF9YcyQosY3ABl0mS5d7TULnVGdWNwiB+4w5kBm1LbvDwQaLyRllhFN68ZXV9Wa+8vic7Fs6rrtTuU8JLWUti+pKhqkiTSRMUOqBaWUQHoiaDaJS9Zy4hQTSAgL9KkHggiJgTDiq8MHqX2nnDZ29ySiRTqiNlS5oy6z6bFK8Kah5nhGVXR+ZJWTTzmWyatS1IICbhVD3+fVcbmWiSAQBIJAEDgQBEKYHMiFnuk0P1BfmHddhleOs3x5L3/LSsGZ+3l53PSFe6aX7mCHbRHMQNAi1mJpLJ+F4wCW4mGRaWd+DEPM1i9Vycu70rfSJSwwj9o15z3wO9X3R9WRQw4KG1VGzlcXa08YAAyLWKoSBN1PD9DelJqwoEVeMBLmG2EBPjbx+DmVdDpHBcJ9vW6qlCbO1XmVvKw+B36xVlabg8oKuXmXLr3Oc68Fs1PkxeOrck76jIo/MKPKoZ7xnbNuCqDKc1JWKXGoSRCKY4VrIn1NUBCtUqWIHxSDZfgkgkAQCAJB4EAQCGFyIBd6htP8xrqTYwHohXmX4cXZThTD12VCvvo964sl0idxGAhYaHmZPmO3M3uNNUrDDoGS/i3OxvT8sVCS6oNA5C3hfj/KaNTihzrsIiuksQ2BwZTasGiW4qA8ukoeiA2lnjcNKQ3UKcw4kbLv37TBiZz/hZV8U7mEckn5dgqHZdMgN5mGFLYX9BqQOtLSc1Ztly+Hhbl7nyqBD9cqC/NV+xv6eEQI/62fr3MYqn2qEeQLLHyHUGFus3KYeVAp+VxSrVAvrWKSjAA2Xp/pRBAIAkEgCBwIAiFMDuRCz3CaP9W9JN+t7siOvbN4EjzSCvhBKGVpR/204FvBFM6O6CtPOzi/3xsE3CcWxNIIEBa7eKFG0vELsfAbM+T/U31Z7FDRqPqxGFJEGJCqnrOsnH/MMW+7bSkY1y6lPLAaUzKJZFT5yYEGwssBtreegSfGslNGOCL6rlyrBSkj2ycwlm1n3eP6qRoUDkipdYJHDa8LKgzpHsjTdcxJ1+l76HO8I/IduW/1ITqtfWmIUnpsFFBjenZL60EeTSEoYf69KmPeUD1aVhkX9aDvvX1TdK2CQY4NAkEgCBwcAiFMDu6Sz2bCSAc79Zff8Yjt3vIvITs+Lbzwq1jx4FLK/U87OL/fKwTuV1+iVVCSlrPKruUQQKj0YHGJLBmiqsdxY2q78P9aS9gel2rj82vBiDjZ1DRzCHy22Ya0BKTSV1R1BNLEIm2ogCsyivoBQbZsSdSh+h+jHeo9ZMlZa1nqW+xAoUX5Q9ko1jXR/eJaxpvRK/LA52XM1LgxrsVRbX5+LfF7sfpLn//mWSSVZi4Kp3NXLzLTWIcwoagzVxs6iSAQBIJAEDgQBEKYHMiFntk07QIxMPRyouTmLuMplQRhbnlaKEdJ4iuNKHE4CCAFSM3tpvL2+KcdTF21mt8b2VRSKo4UEIsO1X+OMzNu5cBv2atGsQNItt7ll5VSEGc36MiSx1WF3BgmpU/rFnvUFzftFHiq5Mw9pH3whPA+wtvFYnRIk89l8OkrDxxPrbWKwbdzfPdLv6Ey9Dn5/vr3Mv3nmO0g8F09k1fKUT5jqwSVGEVdjNxXQS3HBoEgEARmjkAIk5lfwD0dPpm//GZVEV6ywznaLfTia0f3tLSg23c76f5IyXjPDsecrreLgEoQdqZ5dbj2Y6o7jpuZBSfZP0+RMaOl4pDa22m2y3xUIAsos3ZFHo2JwVFt87qQciN1QSrGzUb0q0BGvamU8oe1AtOQypVt48YkVGqRRezHqipPOts2S3C3OSsX3zdopnChLFw2kIjKzXpWvLOan87Js2TZec79OCa+/ISElDmKwFWCCgohHsJkFdRybBAIAkFg5giEMJn5BdzT4d+2StkZAHqR3lXwLblKt0C51ikDsKMoV538mtt/4nAQeGzd6V91gTUUQkp2ImmU337jUI0e0Q4yyCLdYvZK3SL3Fcf0ZeFp55ZiQGraPseZqqKE6a3F9q224Fv0rOqPJIWFmmGugVDjbaNKCVKaH8tiWeptzu3itTpL6/OatarRMmO4QE3DYfDqMyiNNGTJMsht/xgbMdIXheu1allvilOECe+gRBAIAkEgCBwIAiFMDuRCz2yaJOfy/+Xn7zIsCknspTocF3YW5ao/sh67y/Gm7+0icJOaesG3xkv4x7fb/ad6UxWH8kMlkbFC6WCVqihGkCAn5e//clU+fENXPveDYw1oAu1SQiBSkboIXp4XY0cjxxBXu/Z22mSu0l3uXhtAmkjd2iUxbiiXWSC7pDwpIXtaUJYxNEUUWowzrD00z57TMJrS7/veUuu8/zJ9fe8EUoWnhGnGEgSCQBDYewTWeWDsPSiZ4M4R4LD/+LpLvavB2H0ir/cifFJJSy/LfAquu6uBpt+dIMAcUirOuyuRcFrK1hiDfFApBTFhkTZmagb1DCKEisKi/bjdc4vHt1XicBdVgsbAeLFNRMmdajoSkupeXenb/9xGx5Uck/5DTUSVMbdQPcaCk1oJQSKFkUJrCtE+z20s0quoeU4KyhLfAVI3mR8jfiymE9NFoK8w+c5a2WyV0SLRpFy5dxNBIAgEgSBwIAiEMDmQCz2jaTbDSJLtF+9w3M2EUDnF44L6RNoO74h93k3f4WWYZNcWflRFFkp2plVb2HZ42bf45P8wZioOBQXPDBWgKGpI0o8LpApyxaJeBZd9CoqD+5RSfD/B3feDhdO24gqVwH1OKeX7ttXpQP2cvS4wLTIZB0vZYozrMzSVuOxC2fgf7Hx6nnHC4HgXIVRUw1GxSGWkbRFnU8FsjuNgkuzeE8rA+x5dJRBjrvfPrnJSjg0CQSAIBIF5IxDCZN7Xbx9Hz5DNLq7ykv+xowl+Vmei+RdddRwvzcft5HpR9vLk79fuaJzpdvsIfEEl8hgT86zZhSmxMSBppIGNmYoDXQqKu1ZvHkqW40qkqjbhsyKN7du3f1lG69FCGMaXrgtqePAr2nbwWpD+d+EZlXBVFv6HunvmDtUvAma/05FpPF92kb520jWTbqbSVIvTUnJUTbtz/RxSXYUs2fYnYr3+pPv2PclWVZkw9pWe2FLK1htFzgoCQSAIBIFZIRDCZFaX6yAG64VaegETwF0FU0t59s0cbnEc56y7TA8spUiLSBwOAk3S/WOllMfsaNp8RKQ1WMyPGVQlVBSeE9c/xdNBCXBlVBkgU6TMPZh+WujzUVJG9FHdhFYtMzsUBtepqhbEFZXL1IOKhCmmSiK+KwU1iUWmNMcphtS2PvGN6DlOTdW8ixD6SNOXT3FCGdORCCB9+2bJVCae9b7nllGMKR8vLecBwTcIBIEgEAQOB4EQJodzrecw08+pPgnKOe5qcQInsl3eJMqjLobKGM+viyiLqsRhIOC70v0gBctCyoJqF2FH9OlVaTB2GlhLsXlmLVt83Hz5P1gQW0hQZc05blwVNdKKxBOqZ8kuq55Y1FHtUJi8f+Lg/ngp5R61+o2h8qPi+eI7tW+4ObVpKAfcJ/ruWEpBiC8GbxOff+qZG5VSEIWJeSHgM+1zvhhKXPt+PyleX0pRWvih85pyRhsEgkAQCAKbIBDCZBP0cu7QCDDR89JK4iwlZhdhR1S6A+n7UdUO7t95RiBKlKE8Lj1hF+NOn+MiwNCRooQCisHvSUbAY41Empr8eWQiU+Qx44L1s/hvVcny1hM6s6CndpHWMEczUlO7aVVAMHkWyB8L/119DzW4EbSugV3x7x3zgm/YtoWmsspS1VogHGBo/FMP70L/3RvkwxaMPaXB3a6mqDnO3KTkJOaJgEpTlzti6KeVGubN5PsXAZgIAkEgCASBA0EghMmBXOiZTJNhJDNFfgi7yglnTKh/O6WLIeXAQspupHKucwlyc0aR5+2MDC9WvS/ssiWWQ6AZblJ0IMpURdpFUHxQGVxtC50zvLSbzk/opIo3LV1EmtBPbmFcQ3bBjNT3jdSbFogJEv1XD9nRBm253iqvnKby2aCLjU6leJIq1C9zTG1EVUKlN6dwz/MuEUp1I0mFe0QpbYSl5xLvIP/fJ1jmNM+M9X98TDzj+6QJFZln/0llof+pkqs+j4kgEASCQBA4EARCmBzIhZ7JNO3a8E2QZ7yroHCxW7q4YFIdw0LAS9a2ZNjMZy2O7fYrJUqW7yX9fEeAQ+3yylLK53cLmE/WShSMFa9RSlHudTF4CTy85u1PXea/q3tBv19Vr7t0Ai/XuyLKrlpTAVxLL+1jxvd0XiS/X0sm8/A4rlSqCjp/W9MukEpzuY98fnyOb9YZuqp2IvhQqHzhMzSl+JJ6vWH7ZRMaGJUdnxKm1y3svj+6lPKIjmT7xITGuuxQfL82koefhdRQ3798eYSy2ryLpGQm9gMB7xq+u3zOPBN/84RpeR57tnoOxLdmP65/ZhEEgkAQWAqBECZLwZSDtoTA31dZ/GO31N9iNyTvFk0qYvTjLNUZ/8+WyHFed+hf0S00zlbJoi+vKQ68IVr8Y+cP8Ze1ukSfzHGOssZCXj2jWi92Fvg+32/ujCtfUF/ymRR6MbRDaue6hSog/V32deewb+fx1GHyJ82ACbFysrsISghEjQW+UqZjB/PLr6/3BFLtuEAc8nJh7jmHnH5qCIt8JGILhA81xEklZMfG+6T2W0qOY5BlFu27CoQNBcbduvS0c/UG8dFSiu9s6Tf+Pec4KlWDqsT9fe+kYc750m48dvc8deGFOhPsk1IUN+4oDQSBIBAEgsC0EAhhMq3rccijsetrcc87xE7lLsLOobKD/XSVZvL6eb2dxk3HhtRgGGgBQj3CYFL7LShZeEHwq2Ayx0dhFVUB4uS76+LqjUcMlk8L48Imo7cIO0qFsuk8536+3XI7yrsmlNyPXta3obySVsOfATloZ/24tAM778+uKWotjWGK15v3BCNahKB0tBbUV9KI7jtxjw2kHbWGZzXlxm23CDKi2PfIDSop67uqH/9a1XbStnZJ5AwNCY8KldJ8T7v/eZcgmROHjQAS2fOYss69nwgCQSAIBIEDQSCEyYFc6BlM84Y1L7y/qNnmsKk6EBN8Pvq7pM3klfT83RsMiCs/Jci1u2or1CR2qp7a7c5/pEeIkN0jjbYVP11KuV9Vo0hNmPvu8JC4USGoRmPHmWR7Fyav5kP+/eTuXpESNrbJMHLhbdWrQVrOS44BFOFG5eR4n9fjUnaGvB6rtuWzdvMjCIZGlPCoeNeqje7geM9oZOkX188ptZNF29DB7NIf9xsD375562Jf0lUQrk/a8vfV0HM+rT0ePkjrZcrNntZWfj9/BBDWv11KQSROueLT/JHODIJAEAgCE0MghMnELsgBD4eyg8qCOekugtEjvwrETQvGfnYbLb7WeWm2O2sRQsIudUZY/CpL+Ae7mORCnxbhf1V/5mWQb0WiFJVSpD8hSeyqS4faRZy5poJRQWwjHUj6zW2qyoqZ61HhmUGJ1dJb+DxMJZCd16tpc8wb+4HUMT+qobntDvv++aO6UKMY872iXO+6wbzU9aXmY2Ttfj/tXQBJ4/vhOdXTJ4an66Kf8+aKABNgCi/P9EQQCAJBIAgcEAKnvSQdEBSZ6o4R+If6Ev/iHYwDUfOOughsCo8r1soUUmeUkl02frQjQy5TfRIYsNrRRpLwwuCTMLZKYNlxOu4Mndz8w6UUC/O715KZq5y/j8dKgeD5Il3JohKRt6uwuJcqdZUtDEApb6oRn0PSc35CR4VSqr9QCRypGkwQdxmUF1JufE4ve8RAmLj+WqfqetwuBzlA34jcX6qmzq05JIbvK8o4vkVUayp9+D6jGPvsLuXoc+vnHE5SCVT4Ym7aTwE8ang8Gv6kfm9RWu2KNBwAujQRBAZB4D61StqUy3sPMtE0EgSCQBAIAp+OQAiT3BFTQEDZWwsbCo9Ndk7Xncv1aynRlqMvHcFC2YKQT8NJYbeJdNvOdn/niQcJJQmSxL+nGs3kkGpgGwvzqeLQxsXD4wHVx0PK0q5CWgSDV39vkgq27Ph5UFAauI+PU7PwdJCm437+th16f1CSMGbmnaI86GIgJX1+EZUvXRaAiR/HrFkakeo0QwYVldQkijfeUfyT/EH0JoJAEPh/CEhDU3JYha1EEAgCQSAIHBACIUwO6GJPeKp8Qpi+Dr0YWHbKSklaYD2qlu+lcnlMVV0stkE1gkhBqpDGy2duYbdXWUIvVqpvzCF4mCAGvAhalB1yMN+V8oA84OWwqzK5vEFeUVNI+gbEY10bc6WiojaiLvm3IzqiUJCmRLGAIPzjsQZzTLu+HxjNUlogWI8KKjGVeyhzdnXtxoSFKsT8VUuiCFoneC+8oRJJzyulvKZe93XayjlB4JAQoLhCJs+hItghXZfMNQgEgSAwOgIhTEaHOB0sgYBUAC8iqlZsOy7a7Za/qJO7M7Jkxkrebhz3WhiIFB1lMxdLDn+wlMLHgex/LiRJf2p26VtJVYTBrioUbfu6H9WftCnXFxn2wh0OCIlFrXTVLY0BSaS/W1Wy4ahufUb4lliwU25sI6QjqW4jPeo43wCGqFJGGJAimQ4lkGoMpBFJyKyGD0JLdSMpOoLXCONSBBIVye/N9HvqUK5r5jldBBDKyqgjGhNBIAgEgSBwQAiEMDmgiz3RqUoDYDyq2sYuFutUJdQVj61pQSrXWKQxRkQm3KKmRfThk99PRfLcukM7UWiXGhZDScoBITf7UF8GGfpRFclTv+tSyI1zENLKTiaCboxqKIujZmqMCFT9wQL8qEDg3LGmhPDoGTN8D1y3epKc+5iOKGCQfIiS3x1zMGk7CASBINCVlT579Qe6UCnF8z8RBIJAEAgCB4RACJMDutgTnepNOpm/KiDn2sH4mJ2+py7QECdSc6TVqI7zpQvj4bEibYHy4K93MNaxurQobWVhXYttpICMNZd126VkeG1HCnysmvpRLewqqAFcg4dtaQCqr1yqqkeO8vugcuHjY1xMVWE0dFCQIIgoXCgnjgpmtNQRxvLMoQeQ9oJAEAgCJyDAyN33o7S4XZWYzwUKAkEgCASBHSEQwmRHwKfb/0XALjFTy9vvAJMbd1VBbl3NLr0ELZI28vspTviSNFJhB8MctUtVM95Ue9h1VZhRJ3pC4/xrrlSr4jC/3VW4H/nJ/P/t3QnYfdX4//HPZVYkFBqEBpmKCqkMqUiGJqRSEhWlqJSo0KRJE6VJEw0aqIQMPyoZCmVIkwalQaKkUjL2Wx/uw/F4nu9zhr3X2Wvv97qu/9VP7b2G1z7f//ece691334muVov6a+PIzmRa3/zETXvcvGODuc28Zb0qpqPPnm9TvTsXEDTNScevTAS8PpIEA0BBBCYhIATw++cXpp4RyYNAQQQQKBjAgRMOvbAG7Zc7/BwGcx107n7r2Wem/NU+E31o6eM6yog/pHm3SS9QELmqWUdzuVYnX/F7YWx0yLrBCY8mHc2uIywn/d0FVdyTe+JYe+EwjlzcTgnias5uTnZsasEOSmod3o4SOHPhN+uunLKuM1VmHz8x5V/ZmrOCeRx/Zn0ri6qtYyrzv0IIDCuwB7pxYmP4/ilAg0BBBBAoGMCBEw69sAbtlwnkXSAwtVZnEek7uYEr84ZIWi9AAAgAElEQVRL8l5J/oHaa3dHlRznc/h13ZNoWP/OWbJG7CLwc/hLw+ZX53TmiSS/j4ukmZN89j7y4mNB76xzwdP07Qo53mXSay7J66Su3l3i4zjOWXLUGHPyMRvnxnl5KtfsAOl0zWVtHaR0XiAHSe4dYzxuRQABBKoWcIn3H0vaveqO6Q8BBBBAoPkCBEya/4zaPEPnDfGWfL95rrOtmRK1eUvt1LdD/nHoN+o+FlTlcYM611Jl3w6Q+DjUIyOhp3/cdqk5mamfvwNoLkU7qebjMA5UOYCYu/nvAJfJdNJbfw76myur7BJ5Q5xDZLo2f+zMcTUWB6B8xt9/ppeLEt0zref2dBTuuEgy7CAJDQEEEGiqwPWSPhjJsZs6R+aFAAIIIFCTAAGTmmDpdiABV8fx1vv9B7p6uIt81MY/hPedcpt3k7j05kPjaICPH3S1OUByWCzeR0FO6hDEs+KNoRP9rjXBnTX+7LsMrHdgTLI5yfEGUSHKlaumNucx8S4Y/3nZMv7jAxEgGXTe3sHjhLalluAedJ1chwAC7RHwdwknu3ZuKSeFpyGAAAIIdEyAgEnHHniDlrtQVKh5pqRrK5yXj934vPHaU/p0KUDnqnDOBv/Tb8AXr3DcErty1v9XpLwSD0p6cuSTKXEdo8z5okj26xwdt43SQQX3eJu3qxS9qIK+qujCpbRd2nuu+KfP7I/bnPvEOUmcTNc7aWgIIIBASQLLRIUcH+P9W0kTZ64IIIAAAtUIEDCpxpFehhdwroZ9pinfO3xP/7rDJU9dDtjHb/qbE1k6u72/9HxE0jYpf8mhUcrYR4K62lxK94ZY/IkRSOqKRS/R7Vsjb8Yk1u3P3qqpTLWrxUyyjHFv7T6O45K9ToLrPD8O5jiY9CZJ3n20wAxIri7l0sT+p9+++qiN250RmHSgkoYAAgiUKuD//29HSUuXugDmjQACCCAwngABk/H8uHt0gTMjuaN/vI7TNkr5R94XP+56/Thp5CejHKmTyTpxpY/muDKO3+h77Hkl+XhOV5vPYztg5aMW74jyyV2wcM4NHwVzotP1JrRgf/n25/4NfUGrCU3l38P6qIzL/H5Y0l7TTMY7t/oTJTsg8vNJT5rxEUAAgZoF/PekE4NvVfM4dI8AAggg0FABAiYNfTAdmJaDFQ5kfG7EtTr44VwKzj/Ra3677UCJ3973giFOZumdJ6tEgtP/i386SNDl9ou0u8LHodxyVSlqgrcT/LoyzHPT589JTXM3fxYdMPExHFeHaUJz4tsDUtDxyxHEacKcmAMCCCDQBAHvtvMRzqn50JowN+aAAAIIIJBBgIBJBmSG+B8BH0NwPgMnmvzdkD7+cbd1ShzpIyW99qMIkpyWMtk7EaXbY1Ig4BNxFMf5TPzjdNF0vMDZ7j2+vwB1tfkoiPNKuLlUovO5dKH5uInz12wXlWFyr3nTSHD8xiijm3v86cZzyd+zo6Sxq1U14XhQE1yYAwIIIGAB53XyCxbn/KIhgAACCHRQgIBJBx96A5b80cg1MugPdedP2DXybDgQ0muXxy6VqckkHYj5RgqsuBTq+vFP3/OxeIPe9bPIp0RFFJscHJVRGvCxqHUK3lJ9aeTYcODEVQ9yttdE4lOXDm7KF2/n9bk4LFyph3wjOT8RjIUAAk0X8PcNf4/wC5pJ7Ehsug/zQwABBDohQMCkE4+5cYv0D8ZL4qjMnCbnMqcbSlojygD3rr0wKuE4oevUtoKksyJg4p0o9/Rd4LKm3l3gnShdbc7h8StJLpXoPBTP68gXwWPTur3Dw0GC3KWkXTLYuzh8BO30hnzwFkvljL8W1ZEcQHLghIYAAggg8B8Bv1z5UgRMXE2OhgACCCDQQQECJh186BNe8jyRX8Q/Ir8zzVweK8mJXF3N5tl9/92JOn3cxslKnYdkuuYkms6J4hwRR0y5YLNIcuqAQZfbTn1nsbtSHefFKejm8rbObeMgWs7mXCn+nH9A0jE5B57DWN5t4z9DDpY5iPPZhsyLaSCAAAJNEnAi7LfES5smzYu5IIAAAghkFCBgkhGbof4p4PwNn4kcI/0kLmvqUsMOiDw1/oPzKTjnhI/SXDGLnzPZeweBd6P8ZJprXfr025I+1PHn4Mom/qHs5kCC87+0vV0VFZlelbky0sJRcvfkBn3uHhZvTH1EaJJlldv+mWN9CCBQvoCTYT8hcpiUvxpWgAACCCAwkgABk5HYuGkMAb/l93lgJ5vsNSeb3L2vNPBl6cjIfnG05k+zjOUvMy4T/Ih01GKdyFEx9ZbeDoPnpLdF/vHc1eb8GefF4q+esoOnrSbeUXJoCpblzh3iz+W5kTDQx8qa0ByU9JEgB0v85nTUClVNWAtzQAABBOoWODUCzA560xBAAAEEOipAwKSjD36Cy3Y5209HGVMfj/EbnLfFfJx00rtJnGPkzwPM8VmpPOtXJN0W5YWdk2O65qMQThzbH6QZoPvWXeKysTa4P0oyt/0ohp/5dZL8ZXeLjE9zLkkuX/zQtMPE+UGa0Jy80IHF1SStl3YZfb4Jk2IOCCCAQIMFvCNzk6gm1+BpMjUEEEAAgToFCJjUqUvfUwW8s+SGKO+7VvqPu6UqLc6n4NLCB8ZOAP+YH6RtH5VzfGTHX2j+MsNNC8auElfL+eogHbf0GgcPnPTW7a7YZtzSpf57WU7+6xLSDqx5zbnacbFbygmIc1fjmW6N88Vn3wlv/WeFt6W5PgmMgwACpQr4SOXN8Xdlzr8/SvVi3ggggEBrBQiYtPbRNnJhG0s6LL3hdgJXlzF1kOPoCJzMtDtk6kJeGvkgfMTCyWH91nxOzVVxnEB20UaK5JuUjzg58aibg1M75Bt6IiOtLOmbcfY8504a75DybpalGlJ9yMfQzomqSE5e+N2JPA0GRQABBMoS8LFFf3dYrqxpM1sEEEAAgaoFCJhULUp/Mwk8P47PLBQXODHrx4fIo/AUSR+WtFX8APTulOmSu04d/9a0i+XgOPrT5afjY0s2dPOP+ctbjuEEv0+KL7uD7loal2SXOOrkYzgOCk66eVeVA5K/lLR2ylty46QnxPgIIIBAIQI+OnytpP0LmS/TRAABBBCoSYCASU2wdPtvgRekyiTe5eHdJf68PSjJ5WydjPPeWZx8XMeVc1aVtEq8sXcVHec4GaS9XtIZKWeKgzSuuNPVtqakL8bineizKUlI63oe3n3ksrlep5Oc5mg+YuajLh7TOzom2eaVdEgcv/GftS0bcjRokiaMjQACCAwj4JcM60q6aJibuBYBBBBAoH0CBEza90ybsqLHRo6R3jGQ3rxcEWe2XCJOUOnjAy4V7MSw96QqOHvHTpGZcpVMt+6vxZt+5zvpcrtA0isCwD/o214dxWWrHah7eaYywg7MnZJ27bwp5Uz5xoQ/aM9MwcUL09E35y3x0SDnU6EhgAACCAwu8DRJP5T05MFv4UoEEEAAgbYKEDBp65Od3LoeHrtHdo4fbZ6Jd5I4d4LPAs/2BeRFkg5K+Secq+SBlHvE+Se8Q2XYYxU+duLyxM6V8oPJcUx8ZCc87ZVSdsZ/l1i2a1ubS+c6QZ93IW2aYZHeWXJ22jn1UUl7ZBhvTkN8RJKPBTmxspO7dvlzP+FHwfAIIFCwgI/+vjnK0Re8DKaOAAIIIFCFAAGTKhTpwwL+obprHL3x2xk3H79xoMTHavaKajg+ijNde24kJe2VGD4p/fB93xhHaXwkwUd5HDjpcrODHd3ek/J6HN5yDJfN9XEcB0tOqHmtz5PkIJSDFN4BNam2hKRjJb0s5ak5UtK2A5blntR8GRcBBBBosoCTyfu7i1/e0BBAAAEEOi5AwKTjH4CKlu9cI4dGsKTXpXeVOFDiLx5/j/J83iny+SljPip+yDs3iY8R/CyOEng77KhtrsjZ4CMJTtzW5ebcLY9Pu37uSPlcHJT6bcsxdpfknRauiuSdFnU1l+h1FR4HAp1UeFLNn/EDUtDmr5I2aMCRoEk5MC4CCCBQlYB3KXr3oI830hBAAAEEOi5AwKTjH4AKlu/8IH677h0mveakl97NcEv8iyUlXR3JV3/dd52TUbryzQJRtcU/dqcGVEaZ4ruiXx9H+eMoHbTkHpdE/GSsxTsP7N32dn5K9OpSurMd/RrHwTs5nETXO0uOGKejMe59dJTofkfkBPKOmtvH6I9bEUAAAQT+lf/KwXC/wKEhgAACCCDwz6olNARGEXAw4ixJ/mev3R0/0P2Gv79tHsd1ekd1XMXEP+R9pMHNb+g/JunOUSYyzT3Xp1wd56b+HDDocvNxkZ5xF3K5PDSOcDl3h0v71tGctNgJXh18mlTy3HVSMuRPpT9DT0g7qXaM3V11rJU+EUAAga4JeCes//5Yo2sLZ70IIIAAAtMLEDDhkzGKgAMRe6ZAh4/i9NqVkWjykmk6dNWSX0WpU+fUcIlhNwdcfBTnmlEmMcM9/pLjY0AOFDhw0tW2ekp46ypBbq5K5B/6bW+9nCIHpp1FO9SwWO+aOmyCCV69q8TJZXeKwJC/1F9awzrpEgEEEOiqwBcif8kkj1p21Z51I4AAAo0UIGDSyMfS2Ek5N4jLlLrkb3/7UgRLfO53uuaAyI8j4/yTJF2bSgX7KM+Xa1jpV6IKzBtr6LukLu3QC5K43K2/BLa9+ViKP58bSTq54sU6UOLjL87LM4mdJa564wSE3lXy/fgz2DvyVvFS6Q4BBBDorIDzfXkX33c6K8DCEUAAAQT+S4CACR+IQQV8nMY7N5btu+EeSe+OEq7/mKEjH785L/6bE5Aek/7v3dJb8j8NOvAQ1y0SO1m8y6S3u2KI21tzqROe9nbXeGfP01uzsjkvxG8EXSFmBUkXV7TmueP42KviS3TuHR0LxfEbJyB0Ph7v7Nq/orXRDQIIIIDAfwSWjoD0Y0BBAAEEEECgJ0DAhM/CIALeqeAyv6620mt+C7OmpItm6MA/9HZOVVm2iv/u3STeAeD76mr7RWnVFesaoJB+P5GObLw35urjG135gf29VCXGz95fdu+r4Fn5y/OJqdz1/fFZ/10FfQ7ThaveOF+K23Xx58elLmkIIIAAAtUL+O/N16XvNT7SSkMAAQQQQOCfAgRM+CDMScBHcJyM1W/te+1vcSRh13RE4aYZbn5rJKJ0gMU/XH2EoK4knL0peK63RkniMzr8WG1+syTvjPhD+sG/WOS7aDuJE77+JSrFLFjBYleNYImPNvn4mMtk52pLxdjPjwFdGts5Wbyji4YAAgggUI/A6ZIui3Lx9YxArwgggAACxQkQMCnukWWb8PyRlHWlKSPuFYknpzuC89I4MrBy2lny26h+4+CJK+L4R1+d7e3xJafrpYTfn3ZYHBDQLtH85jrRG9S3S1O7ZPW3JfnzN07zsRcHBDecQL4S7wjyzqx5Itjo/DNdPl42znPkXgQQQGAYgdtSjjV/Z+kdIx7mXq5FAAEEEGipAAGTlj7YMZf1AklO5LpwXz9/lrRLVLr5+5T+ncjVR3ac58HNiTc/HG/8fYzBuxx+OeacZrv9R+k4zrei6s5s17b5v3t3iZ+bd/94l4SPcnShOcmvA0QfT0doPjDigh108e4kV3/ycZjLR+xnlNscbDw65QN6dtzsL+yuJuUgEA0BBBBAoF6Bp8bfm4+NfFH1jkbvCCCAAALFCBAwKeZRZZtor3Rq/4D+0eZzvT+dZhb+YXlo+n9PjFJ8+0g6N65bOwIsdScdXV7S+ZKWST90f5FNqnkDbSnp8JjWZ6NyUfNmWc+MvMPoeEmbSTp2hCGcj8e7oL4o6UOS7hyhj1Fu8fEbl932Z9fNyZCdc8aJkWkIIIAAAnkE/F3mg2lnbe8oZJ5RGQUBBBBAoPECBEwa/4iyTdA5ILwz5G1TRnQiTR9NmJqvxMEQB0d8BMYVWZxo1IGT/uajOH5b75KodTYnxnSiT//o7XJz+eYl4jiULX7QIYxeottRKiR9M+2oWi4+p+dkMnOuGX85798N42CJd2YdmGkODIMAAggg8C8B/x3yiJQHyy8eaAgggAACCPxbgIAJHwYLOGHq/0WFkX4Rf4FwLgeXM+21R6UytSdIekv8Cx+B2GOGLayXSDoySgnXJe3jQC6d+/o4klPXOE3vd/2+fBs+zuHjOF1qDnS8IVWVeWY6g37tgAu3kYMl3hHl3C9XD3jfOJc5UOJS3NtI8hEgN1fhcd6UfcfpmHsRQAABBEYW8PcVf+dxZTQaAggggAAC/xYgYMKHwUcBXPK3v7KI33RvkXYrnJwSvD7YR/SOCI64ZPBXJW03hyMw3lniKi3PkHRjjcyuHrJe+tH74hrHKKHrKyQ9J358vzwFDy4tYdIVztH5Rp47YElhB/1c/cnVbxwoOajCeczUlc/Fbx5j+s9Przm44z9XlAvO8BAYAgEEEJhGwFXl/GLIOzS7kveLDwICCCCAwIACBEwGhGrpZX7+P0wBkxf2rc+7Nd4l6et9/84lgY9KO0uci8SJKb2jxCV859T8tv9T6ZjPIjXbOb+K3wi5ukhXm49ROQ+Gm6sY+VhH19pvopSyAxNzaq+JvDoOCvrMet27SjwfH7vxsTQnFew1j+8jOT62RkMAAQQQmJyAK6s5afh8k5sCIyOAAAIINFWAgElTn0yeeTm55d59Q50e53d/H//OwQ6/fXcFkh/HMYLvDzg13+fjB5sOeP0ol702giUO5Nw7Sgctucc5ZBaN3CXO4eFn1bV2V9o18vDYYTLT2k+No2QOKDmwVGfzbh8HSd6bjtp4R0t/OyzGv73OCdA3AggggMBAAg5qryBpnYGu5iIEEEAAgU4JEDDp1OP+r8V6B0h/gstvSFq97wqX6F1FksvUunKOywwP0y6OqiOjVCwZdBznn/BRlPcNekMLr/PRKe/+cXN1la7utPHRlsUjOOES2P3N+W2c0NhBFQcx/Nmsqzlg5aSB/vM1tTmfjxMlT02gXNdc6BcBBBBAYHaBs9P3n4sk7Tf7pVyBAAIIINA1AQImXXvi/1rvYrELYZ7IUXJlvF3xGd63xg9w5x/ZPXZw+PjAMM07S7xL5Wk1/jj0G3wHS17SsWow/c/BOxccKFg4csk44OUjVV1sJ8Vn94i002arPoCXSnISXJdZdsnhOpr/PL0pdlMtOc0APsbmnCkESurQp08EEEBgPIHfxu7D88frhrsRQAABBNooQMCkjU919jX9qC9vyc/SLpJ3pmM3P5fkH5tOQLlzyrfgnSH+EjFKWyt+ID5vlJsHvMelV1eKgMmAt7Tusm1T2eaDY1VOYNr7v1u30AEWNG8E0Jy82Elvv5MSqa6WKj9559TGkcB4gG6GuuQVUYbbf2amtntSwPD4OPI26p+joSbDxQgggAACQwv4OKuPtbpa4LAvh4YejBsQQAABBMoTIGBS3jMbd8bOAn9NdOJSwm9PSVwfEm/hnQvEeUF81GWc5tJ8rq7jH/R1tMekoxU3RMWRrpYAdIDAOxacVPQHHQ8c9T5jPjp2aCQkPjOSFzuoVnXFIAdIdom8MVM/3z+NHVre8dJfjruOPwf0iQACCCAwnsBGkZ9t+fG64W4EEEAAgbYKEDBp65OdeV293CX+sX2/pPtSLpNlJfmH3roVlQD2bhUnlHW54jqac5bsGiUAfXSoi835SnaMH+V+bg5+db09TNK3066SFaOktUtN+8hSFW3DOOrjAMzU5uNnrrDgQKGPt9EQQAABBMoQ8P+/7b87HHCnIYAAAggg8D8CBEy696FwVRwHM3rNCTK3i7fi/6iA44kpV8QtqaTw/DW+Yf+JpM9FktMKplxcF89K562vilmfUHMlopJwvOvG+UqWjl1TLhV54ZgL2FrSR+LzPLUrB0ecJND5UWgIIIAAAuUJ+IjyITUd2yxPgxkjgAACCBAw4TPwz50Izu3w18ix8HFJ11Xo4vwl/oG5XIV99nf1uti54uSavaNFNQ3V2G5d3cg7hX4ZlY2qfH6NXfQsE/POj89I+kr65zPC58Z0XMlVa64eYlGPjGNp3r3zghQQefSUe2+NPzdfiF1ZQ3TNpQgggAACDRKYO17s+O8M/31BQwABBBBAgIAJnwG9UZLfmrtqx7i5SqbjPDz1f0cETergPjcSs3kdXWyvkfTVWPjboopRFx361+wgmnOW+NiMAxkO1l0yBeWUOMbl3DfTNZcediDR97qyztRmcydCdv80BBBAAIHyBfz3qZPdO2BCQwABBBBAYFoBjuTwwaha4PKouuNEpFU356b4XqqAsmocvai6/xL6uyz9aF8qEr06Qa/zZ3S1PVySd0i9KoIlrvjUa/tIchWbF8X59N6/vzu2X98V5ZjdhwMui0+D6ONq/jJ9QCSS7aoz60YAAQTaKODdsM+WtEEbF8eaEEAAAQSqESBgUo0jvfxLYOH049PngReoCeTsqArjgEkX2w4RILhXko8+nd9FhFizj8t4N9MvIlmfExhP1xaKHVVrSnrOAF53SvpiHPvybiYHTWgIIIAAAu0T8BHls+LvkvatjhUhgAACCFQiQMCkEkY6CQG/pXGZ4tVrEHEiT+8gWD+9ETqthv6b3uU8kq6XNJ+k90s6qOkTrnF+20jaN509dwDJO0AGaY+InUlbRl4TV0Vw+3sKPjmJsJPD+suzj6n9bZAOuQYBBBBAoGiBB2N3of9upSGAAAIIIDCtAAETPhhVChwTCTZ9hKHq5h/Gq6TqOE722sVm23dG2VxXf+lie4kkVwX6XUq4urYk7wYZpTl48sKopHNp5MQZpR/uQQABBBAoU8A7VY+XtEiZ02fWCCCAAAK5BAiY5JLuxjg3RXWS/lwSVay8V0Z3e0kHV9FhYX34KMkVkpx3w3lLLi5s/uNO18dq3pOqAjnJ7ftIvDouJ/cjgAACnRfYMwVMnhZ/r3QeAwAEEEAAgZkFCJjw6ahKwHlLnOi1jrc13rHiYyju++aqJlxQP84L4x0Ru0navaB5jztVHz9y5Zq9I6fITuwGGZeU+xFAAAEEIt+aX8C4ghoNAQQQQACBGQUImPDhqEpg85Q87fmRYLOqPt3P/JJ+FXkmVqqy40L6cgnoQyVdJWlZSQ8UMu9xp7mrJL8BPCOCZV0MlI1ryP0IIIAAAv8r4GC8j3b6+8UdACGAAAIIIDAnAQImfD6qEnBuia9JOrWqDqMfl4110MClY79bcd9N785f5q6R5MR0y0u6tukTrmB+rv5zdMpR8tM4hnNdBX3SBQIIIIAAAj2Bt0TScJedpyGAAAIIIDBHAQImfECqEvBbmudJ+k1VHaYSunPHEZwbJC1XYb+ldOVEt+9OVVu82+JjpUx6xHmuETtKnJDVx69csYaGAAIIIIBA1QInRtU5H3OlIYAAAgggQMCEz0DtAj6Kc2Dkm6hysG0jyes+knausuMC+uoluv1h7K65p4A5jzLFdSJQ4vU5KPSVUTrhHgQQQAABBAYU8AseB+mdH4yGAAIIIIAAARM+A7ULbJh+6Hpr63YVjjSXpMslPUPSwpJurbDvErpyJRxXx3Ep5UtKmPCQc1xR0ofiDLkr4Li8Lw0BBBBAAIE6BZwL7bT4XlHnOPSNAAIIINASAY7ktORBTngZn4ykpD5CUlXbUtLhkrpYSnhjSZ9NFWFcFWb/qkAb0s8bJa0naQlJu6TcLF9tyLyYBgIIIIBA+wX8fcVHP33clYYAAggggMCsAgRMZiXiggEE/KPXuwWcqLOq9jNJT0mJZF8iyTlMutKeGDtrbpT0Wkl3tWDh86Y1+Kz4umnHzIUpWHIygZIWPFWWgAACCJQn4O8T75B0fnlTZ8YIIIAAApMQIGAyCfX2jekvIC9IR3Lurmhpa6cSxWdJcmK2t1XUZynduCrQppKWiYS3pcx7unkuKsk7hTZJwa8jJR0i6fclL4i5I4AAAggUK/Dy9F3lbElPKHYFTBwBBBBAILsAAZPs5K0bcMG0E8KJSZ1npKrm8sE+Z/zijiVl6yV63UbSYVVhTqAfH7txXpIlYx3HV1w9aQJLYkgEEEAAgcIFDpLkXZwO4tMQQAABBBAYSICAyUBMXDQHgdVjR8T6FSm9LI5tOAizfEV9ltLNeZIeImnlUibcN08n6d1R0tZxNMv5bM4scB1MGQEEEECgnQI3RzD/nHYuj1UhgAACCNQhQMCkDtVu9blDVDpxgtIq2hci18UHJe1XRYeF9GHHD0harrCjOD5242e1uaTjJB0QCYALYWeaCCCAAAIdEHippC+no6HOqUVDAAEEEEBgYAECJgNTceEMAi7P5zPBn6tAaHFJ16ZdCndETpSulBJeTNL3IvBwQgWOObpwbpLXSVpVkrc5u/LA7TkGZgwEEEAAAQSGFDhQ0uMkbTbkfVyOAAIIINBxAQImHf8AVLB8J3xdpaJKNk4K+j5JR3Ws5N8Vki4tJMHtHpI+HEEt7ybx0Zt7Kvgc0QUCCCCAAAJ1CVwX1XFcqY2GAAIIIIDAwAIETAam4sJpBJxp3l9Cqsg4P38EXR4qaY2Ux+OCjoj7rdcrI+j0h4au2VuYHSTZXpKDOw6SOJHr/Q2dL9NCAAEEEECgJ+C8YN4FuTQkCCCAAAIIDCtAwGRYMa7vF1hN0ofiWMa4Ms7f4ZwlPmP8hnE7K+T+N0s6ParJXNPAObtqj4/dOEfJ1SlXzackndrAeTIlBBBAAAEEZhI4OEra7wkRAggggAACwwoQMBlWjOv7BbzrwNVRHDQZtzn/xZPSjpWNJJ08bmcF3L+EpJ+lee6WDPdv2HxdzvltUU3gq5L2jcpFDZsm00EAAQQQQGCOAo+K3auvkNTEFxM8PgQQQACBhgsQMGn4A2r49Fya70RJZ4w5z7fEzoWrJC2bdjQ8MGZ/Jdx+WUo+d4uk1zZosutJ2iCVBV478sg4mStfMBv0gJgKAggggMBQAt4luQ/HcYYy42IEEEAAgT4BAiZ8HMYR8K6Ql1SQ8PUHkryrwdtlPzLOhNcpnpsAACAASURBVAq510ePNokvcL+d8Jy9q2et2E3y/Phi6RwlN094XgyPAAIIIIDAuALOt3VevNwZty/uRwABBBDooAABkw4+9IqWvIgk75JwQtBx2sviuMcfJa0g6fJxOivg3g0lHR1Bim9NcL5zS9o2VbvZWtJfJH2mI8GqCZIzNAIIIIBARoHHpOOlv4w8YXdlHJehEEAAAQRaJEDApEUPM/NS3iRpc0mrjznumSmXxzqSzkoBmHXH7Kvptz9Z0pWxi8MleSfRnh45Z7aII0GehwM4f5rEZBgTAQQQQACBmgTeHonLnWCdhgACCCCAwEgCBExGYuMmSXtJ8tsb71IYtT1V0k1xs5OMOh9Km9v3UmneeyJAlDtPi3PDOEmv85NcKsnljD/XZmzWhgACCCDQaYGvx1Hf73ZagcUjgAACCIwlQMBkLL5O3+zqKZ+XdOwYCnvHbocbJC0l6b4x+mr6rTtL2jJyvtyacbKuDPAxSStFoGQnSZM8CpRx6QyFAAIIINBRAe+mdKBk8Y4kku/oY2bZCCCAQP0CBEzqN27rCE4K6uo23x9xgc6h4bPFTjrqH/S7jthPCbetKMm7SzZOX95OyjThd0raJeUmeYakb0tycOobmcZmGAQQQAABBCYpsJsk50ab1PHXSa6dsRFAAAEEKhQgYFIhZoe6epwkJ1CbX9KdI67bOTSOknSFJO+CGLWfEYfPdts8sbPjfElec91tj6jA46S8p8R25KvrHpT+EUAAAQQQaJDAden7hXOX/KRBc2IqCCCAAAIFChAwKfChNWDKPt7hIzkOnDw44nwcKHmOpO+kkn8vH7GPEm77tKRlIjluXUEhbzl2MGZHSXcn19MluXTx9SUAMUcEEEAAAQQqFFhO0hlxHOcfFfZLVwgggAACHRQgYNLBh17BkjeR9H5JS4/Y16qSvhn3vlLSBSP20/TbXEnIX9r85e3HNUzWAad90nGfV8UZ7WMkfSJVL8qZI6WGZdElAggggAACIwv4CKq/335o5B64EQEEEEAAgRAgYMJHYRQBfxlxktY3jHKzpC9Hqb8jJG01Yh9Nv827PlyNxvlZ9q94sutLcrlEl3T+bQRNDql4DLpDAAEEEECgRIEr46WOd8LSEEAAAQQQGEuAgMlYfJ292dVxfiNp6xEEHEi4Nu5z1ZgjR+ij6bfMlfKyOGeJSyb7DHUVzX269PIOqfzyYpJ+KOn4lvpV4UUfCCCAAALdE3B1HO/onE8Sx3G69/xZMQIIIFC5AAGTykk70aFL9Z0blVeGXbCPjLw3vtA4d0kbSwl7V8mGqaThahXkEVkoHbHZPHKULBAlgfftO9I0rD/XI4AAAggg0FaBbdMu1hdK2qitC2RdCCCAAAJ5BQiY5PVuy2jeXeIEoycOuaDHSLo9HVHxbol3STp6yPtLuHwtSWfHkSMHlUZtK6RdPO+WtLYkV9o5SNJpsbNk1D65DwEEEEAAgTYLOJH8pySd2uZFsjYEEEAAgXwCBEzyWbdlpEdGJZY14tjJMOvaRdJeklzmdnlJ9wxzcwHXPjPlFblI0gGRV2TYKTsw8jpJ75HkSkS/ii9+h0n607CdcT0CCCCAAAIdElg4vl8sGvm9OrR0looAAgggUJcAAZO6ZNvbr4MCv0i7KF4g6WdDLtMBgEVSqb+T0lGVjYe8t4TLfVTpj7Er5IEhJvzE2HHjXTf2+b6kj8dOlSG64VIEEEAAAQQ6K+AcXz4K+5rOCrBwBBBAAIHKBQiYVE7a+g43TT/qj5Pk3Bq/HmK1r0/ldb8k6Q+SVpR01RD3lnCpj8s4J4sTst4/4IT9FswVdFaW5KDJsZIOr6kE8YBT4jIEEEAAAQSKFPDu1YMlHVXk7Jk0AggggEAjBQiYNPKxNHpSPhv8NEkOgAzTXDXGgYEvxg6MYe5t+rXvT0GSD6SdIa8eYNeN7ZaLhLlLRnDEO278BW/QQEvTPZgfAggggAACOQXWi5c5y6ak69fkHJixEEAAAQTaLUDApN3Pt+rV+fPiNzjfjDwbg/a/TAQGfFxlqxGSxQ46ziSu6+2ceaOkM+cwAe8g2T4qBDn57WclHSPJCepoCCCAAAIIIDC6wNfT36nOYfLc0bvgTgQQQAABBP5XgIAJn4phBOZLgZLfxflgfzkZtJ0gaZOU6PWrqcrLawe9qYDrvFPEAY/d4mjNdFNeJxLd+viN7VwS2HbXF7A+pogAAggggEDTBbxb0y9zPiZp16ZPlvkhgAACCJQlQMCkrOc16dluGAlb/RZn0PwlTmLqZK9uztex06QXUdH4C0j6eZQu3HpKn95tsq6kF0laQpIDRifHzpyKhqcbBBBAAAEEEIjdnX458cp09PcCRBBAAAEEEKhSgIBJlZrt78tvb5z0dcEhlurcHFvE9c7fcdMQ9zb10nkl/SQleT1P0jtjkj5ms2dKartt/O8fS7pQ0kHpmpubuhDmhQACCCCAQOECt6XKcnOnhK+Pk/Rg4Wth+ggggAACDRMgYNKwB9Lw6Zwj6dGSXjXgPB8bwQJ/idlR0gED3tfky+aJYzh3pLwsa0pygjknfV0rJn2ipEOodNPkR8jcEEAAAQRaIuAXMTdGwtfeC4yWLI1lIIAAAgg0QYCASROeQjlzuCKqwPhoziDNlWP2k3S7pOdJcpCh5OZgiYNGD41tv+unI0qLx66Zo1Op5U+npLa/LXmBzB0BBBBAAIGCBPyy4guRJ81HX2kIIIAAAghUKkDApFLOVnf2sCh7e2jsqBhksc5d4hwmp0raYJAbGn6Nj9k4eat3zLidHW+1vtTweTM9BBBAAAEE2iiwV1Sfe0UclW3jGlkTAggggMAEBQiYTBC/sKGfnt7g3CBpb0m7DDD39SSdJumBlMtjFUkXDXBPEy9ZStK7JL07dpZcK+lYSZ9J/+43TZwwc0IAAQQQQKAjAj+Q5Ip1PgL8p46smWUigAACCGQUIGCSEbvwoVwO+CuStoscHbMt5+JURnh5SadLestsFzfsvztPy84xb1e5+YukOyPh7TDllBu2LKaDAAIIIIBAawTmSjte75X0fUkva82qWAgCCCCAQKMECJg06nE0ejK9fCTOX/K5WWa6uqSvpUSv90naLI7kNHpxMbknpnwk74jyx/5XDhA9XtI/Uu4WlywsPQdLCc+AOSKAAAIIIDCIwKqSvilph7TD5MBBbuAaBBBAAAEEhhUgYDKsWHev/2JUhXl5VImZk4R3Ybxa0tWxVfb+hrNtGVVufAb67kje6iM3/gK2sKTVJN3V8DUwPQQQQAABBLok8KF0VHZPSa8c4HtJl1xYKwIIIIBAhQIETCrEbHlXzkXyyEjievMc1vrSvi8ub07VcT7fUJdnRVb9t6acJE+N4I4DJMekHSbe5us8Jb7Gu2WofNPQh8i0EEAAAQQ6K+CdrP7OsaCkezqrwMIRQAABBGoVIGBSK29rOvdRFR9HeVDSoyKnx3SLc7ndb0taKa5ZLB3JuaVBCnNLcjJaHxNaMeZ1laTjI0Dy+wiWHBFfwN4QSWsbtASmggACCCCAQOcFHhJBEr/AeXbnNQBAAAEEEKhNgIBJbbSt6vgZkn4ZZYUddJipbSTpxFRF56+StpV0eEMUniPJx2427isJ7FLAPnbzhb45ziPpSElPkLQ2wZKGPD2mgQACCCCAwH8LvCSq7/kFx1bgIIAAAgggUJcAAZO6ZNvV74sluXTfdZJcNWa69ghJV0haPAVL/pCq4zhIcduEGZyT5GBJy8Q8nIfEVXscyLlsytxcktDbe38XwZIJT53hEUAAAQQQQGAGgb0lOYfJBgUlludhIoAAAggUKEDApMCHNoEpO6HaeZIuSZVjXjTD+G+Poy0+tvNZSf7fk2prSto8zff1MQEHej4V8/Kxm6nNwZ6T0vyfFseJ/japiTMuAggggAACCMwq4Jc4/jt7yUjWPusNXIAAAggggMAoAgRMRlHr3j1+g3OKpAsledfG1ObPkXeX+ByxE6Q6wHJlZiYfFXpTOtO8vaSlY+yfRqUbJ5510tqZmpO9ri9p2XR05/bM82Y4BBBAAAEEEBhcwDtY/Z3DJYVfNfhtXIkAAggggMDwAgRMhjfr4h3vluRzwg48uPLN1NbLXeJ//+MoJZzLyQlpN5H03njb5HG9G+YTKQByzgCTcF6TwyLI47nTEEAAAQQQQKC5Aj5q6zxp28Tf382dKTNDAAEEEChegIBJ8Y8wywK2k3RQKil8nKR3TjPiz2JXx70RvDgrw6z8hslnmNfqG8v5SQ6JRHCDTME7YXyPSwt/Y5AbuAYBBBBAAAEEJibwzPT3/k8iEb3/DncFPxoCCCCAAAK1CRAwqY22VR3vlSrf7BJvcvxGp795O2wv2OBcIc5x4qSvdbWlUhWbT0paOQa4J/KPOFBy7RCDuh8fMdpR0jFD3MelCCCAAAIIIJBfYD5J34nk8mvEkZz8s2BEBBBAAIFOCRAw6dTjHnmxDlA4UPJRSXtM6eXLkl4n6R8RuPDxmDraqyMfyfOi8/tiLk4w+5shB3x+HNvxjhkHTGgIIIAAAggg0GwB/529qaRjUxW+d0n6e7Ony+wQQAABBNogQMCkDU+x/jUcH1VvdoigRW/ERdK/v1GSP0e3ROLU71U4ncel7Pc+DrRhXzljJ3L1lyXnHRml+SjPt+IozvtG6YB7EEAAAQQQQCCrwIopwau/X/j/rTZLIvesE2MwBBBAAIF2CxAwaffzrWp1n4tgiJOsOZlqr+0qac/4H37T4+2yVRzHWTCSuDrZrIMmbpdJ2jkd+fnKGItaQdK50YcT1dIQQAABBBBAoPkCX4vk7M6jdlLzp8sMEUAAAQTaIkDApC1Pst51OInr2pK8I8PHc3rt56lyTu+IjAMRPpozTltI0r6SesGM+2M3iROzfnecjqO6z2fSTpWTJW2Rjhc9OGZ/3I4AAggggAAC9Qs40esvYnfo6hzFqR+cERBAAAEE/iNAwIRPwyACX0zlgteUtFWUF/Y9y0m6pO9mnys+YZDOprlmmZSHxLtJ1k/VeOaJ4z1HSfpUCtLcNWKfvdtcdvjDce7ZO1TcJw0BBBBAAAEEyhDYPRLP+3vGiWVMmVkigAACCLRFgIBJW55kves4O8r3binpyBjKR3F8JMftbymQ8uR0jOb3Q0zD1zs3ifuZO+67O478OLlsFc1He36UErs6Qax3yFxZRaf0gQACCCCAAALZBE5Lf3+vJ2lRSTdkG5WBEEAAAQQQiGSdQCAwm8CZktaRtHXs0HCg7aZUjnfhuNFlhb1NdpDmxG1OHuv+3Fxd52pJH5PkcR4YpJMBrvGxHh8fcs4T74y5d4B7uAQBBBBAAAEEmiUwV3zfuKZZ02I2CCCAAAJdEGCHSRee8vhrPCWdH94gJXTtJX3tZavv9TzIcZw1YkvtSn3TcV4SH5E5dfwp/rsHJ4k9I5LDue+dJP25wv7pCgEEEEAAAQQQQAABBBBAoAMCBEw68JArWOIxkpyZ/oOS9pN0SCSAdddOnjq/pDunGeeRkraPoze95LB/lfSFOHpzcQVz6+/ilWnL7mclPSJyljgRLQ0BBBBAAAEEEEAAAQQQQACBoQUImAxN1skbPh7HaJx4bbdIyuqKNm7fShVsVpuiskTsRnE1mof1/bdbolywq+5U2R6dksUeJOntkbNkrQqSxVY5P/pCAAEEEEAAAQQQQAABBBAoTICASWEPbELT9c6SfSIocY6kC/rmsXk6W+wdKG4vluRKNA5Y9LcLY3fKRTXMf3lJB0taIY72OHfJ32sYhy4RQAABBBBAAAEEEEAAAQQ6JEDApEMPe4ylOmmq84EcHflAtom+bpP0bElLpv/tnSfOU9LfvpcSC3tXigMsPopTZXuqpO0keRfLH1Py2I/E/Kocg74QQAABBBBAAAEEEEAAAQQ6KkDApKMPfshlv1XSSSk44tJ+r075Rx4f9zsg4lLAr53Sn0v5Otnq+UOOM+jlzqfyYUlPk3Ry5FOZLofKoP1xHQIIIIAAAggggAACCCCAAAL/JUDAhA/EIAKvk/RlSZel0r9L993gksAP6fvfN0SuE1/7l0E6HvKa56fx9pC0ZuQo2SxKEQ/ZDZcjgAACCCCAAAIIIIAAAgggMGcBAiZ8QgYReEUcq7lJ0iLT3HBz5Dg5rsYSvlvHsRtX5Nlf0r4kdh3k0XENAggggAACCCCAAAIIIIDAKAIETEZR6949z5V0eZQQ7v/MOC+Jc5QcJemOmlh83MdljF1559LYwdKfdLamYekWAQQQQAABBBBAAAEEEECgywIETLr89Adb+4tiN8cq01zuIMZ1g3Uz0lWuzvPRNP6jJB0YwZKROuImBBBAAAEEEEAAAQQQQAABBIYRIGAyjFa3rp1P0qclrT3Dsr3b44U1kWwYZYiXkvRtSe+RdEVNY9EtAggggAACCCCAAAIIIIAAAv8jQMCED8VUgUekhK07R5Ub7+yYqdURMFkwqvG8UtIfYkfJsTwiBBBAAAEEEEAAAQQQQAABBHILEDDJLd7c8Z4i6TOSVpX00L5p3i7pUEk+ktN/LKfqgImTuG4paR5J30pHfTaS9JvmcjEzBBBAAAEEEEAAAQQQQACBNgsQMGnz0x1sbQ6CbCrJyVWf0HeLE7o6UHKApNsk7ZoCKXtO6dJHchw4Gae5TLGTxr5E0vWStpd0zjgdci8CCCCAAAIIIIAAAggggAAC4woQMBlXsNz7nylpr5Qb5M3TLMHlg18v6ed9/+3tko6fcq2P0DiYMkqbV9I2kvaImw+OgMxdo3TGPQgggAACCCCAAAIIIIAAAghUKUDApErNcvry0RcHKB45ZcrflbRdCpZcMs1Slp1mN8kzJN04wrLfJGk/SYtK8pjeveLkrjQEEEAAAQQQQAABBBBAAAEEGiFAwKQRjyHbJPy8nUTVR3D62+8lvVfSKamM74MzzOYxku6d8t+GPZKzZgRKnpWq7/xU0sdjzGwADIQAAggggAACCCCAAAIIIIDAIAIETAZRas81p0p6y5TlOEjyAUm3DrBMJ2F9ct91rmZzwQD3LRnBkTdIukPSR1I/RwxwH5cggAACCCCAAAIIIIAAAgggMBEBAiYTYZ/IoJ+WtFnfyN5JclAES/4x4IxOkLRJ37WzfX4WiOM23tHiMZzc1cGS+wYcj8sQQAABBBBAAAEEEEAAAQQQmIjAbD94JzIpBq1U4GGSjksVaDaeEizZO4IZwwzmJK+9nSg+UrPMHG7eQpJLBT9e0pGSPN7NwwzGtQgggAACCCCAAAIIIIAAAghMSoCAyaTk84zr5/vJdAxm677hnIfEgQwfiRmlIo3zjuwgaffU525TlvFoSTvFsR/nKXGgxmWJr8qzXEZBAAEEEEAAAQQQQAABBBBAoBoBAibVODa1l49OCWr8XdIxkt4jyf93lc07Sjyed6F8PSWIfX8qWXxFlQPQFwIIIIAAAggggAACCCCAAAK5BAiY5JLOP453e/xa0rwx9AMR0PDxmHsqms6jJL1D0gclzSfp8AjIXF1R/3SDAAIIIIAAAggggAACCCCAwEQECJhMhD3LoAemwMj2fSOdLmnDCneW+EiOE8A6IOMgjMf7XZaVMQgCCCCAAAIIIIAAAggggAACNQsQMKkZeELdL5KSvF4vyQlf3W6StKykOyuYj/OhHBr9uEzxzilwckMF/dIFAggggAACCCCAAAIIIIAAAo0RIGDSmEdR6UQc0Oglev2bpBUl/WiMEfw5cX6SHSNR7PFRIviWMfrkVgQQQAABBBBAAAEEEEAAAQQaK0DApLGPZqyJXStp8ehh/6hcM2qHb5Z0Why3OTPyldw9amfchwACCCCAAAIIIIAAAggggEAJAgRMSnhKw8/RAY15JPmfL5V0+ZBdPF3SuyStLWmxlND1MEl7p10rdwzZD5cjgAACCCCAAAIIIIAAAgggUKQAAZMiH9usk75E0nJx1bqSzpr1jn8FVvz/NpK0qCQf5XGg5ChJvxrgfi5BAAEEEEAAAQQQQAABBBBAoDUCBExa8yj/ayE+QrNe/JsD0j93S/lH7puy1B2iws0qkp4l6fHx352XxIGSkyTd2k4eVoUAAggggAACCCCAAAIIIIDAnAUImLTzE9Kf9NUr9P92/pGV046RBSRtMWXZN6fdJd+MIMl57SRhVQgggAACCCCAAAIIIIAAAggMLkDAZHCrkq7cVNJxs0z4l5LOTblODqIscEmPlrkigAACCCCAAAIIIIAAAgjkECBgkkM5/xgPkbSmpJUkvTB2lngWF0g6I/55Zf5pMSICCCCAAAIIIIAAAggggAACZQgQMCnjOTFLBBBAAAEEEEAAAQQQQAABBBDIKEDAJCM2QyGAAAIIIIAAAggggAACCCCAQBkCBEzKeE7MEgEEEEAAAQQQQAABBBBAAAEEMgoQMMmIzVAIIIAAAggggAACCCCAAAIIIFCGAAGTMp4Ts0QAAQQQQAABBBBAAAEEEEAAgYwCBEwyYjMUAggggAACCCCAAAIIIIAAAgiUIUDApIznxCwRQAABBBBAAAEEEEAAAQQQQCCjAAGTjNgMhQACCCCAAAIIIIAAAggggAACZQgQMCnjOTFLBBBAAAEEEEAAAQQQQAABBBDIKEDAJCM2QyGAAAIIIIAAAggggAACCCCAQBkCBEzKeE7MEgEEEEAAAQQQQAABBBBAAAEEMgoQMMmIzVAIIIAAAggggAACCCCAAAIIIFCGAAGTMp4Ts0QAAQQQQAABBBBAAAEEEEAAgYwCBEwyYjMUAggggAACCCCAAAIIIIAAAgiUIUDApIznxCwRQAABBBBAAAEEEEAAAQQQQCCjAAGTjNgMhQACCCCAAAIIIIAAAggggAACZQgQMCnjOTFLBBBAAAEEEEAAAQQQQAABBBDIKEDAJCM2QyGAAAIIIIAAAggggAACCCCAQBkCBEzKeE7MEgEEEEAAAQQQQAABBBBAAAEEMgoQMMmIzVAIIIAAAggggAACCCCAAAIIIFCGAAGTMp4Ts0QAAQQQQAABBBBAAAEEEEAAgYwCBEwyYjMUAggggAACCCCAAAIIIIAAAgiUIUDApIznxCwRQAABBBBAAAEEEEAAAQQQQCCjAAGTjNgMhQACCCCAAAIIIIAAAggggAACZQgQMCnjOTFLBBBAAAEEEEAAAQQQQAABBBDIKEDAJCM2QyGAAAIIIIAAAggggAACCCCAQBkCBEzKeE7MEgEEEEAAAQQQQAABBBBAAAEEMgoQMMmIzVAIIIAAAggggAACCCCAAAIIIFCGAAGTMp4Ts0QAAQQQQAABBBBAAAEEEEAAgYwCBEwyYjMUAggggAACCCCAAAIIIIAAAgiUIUDApIznxCwRQAABBBBAAAEEEEAAAQQQQCCjAAGTjNgMhQACCCCAAAIIIIAAAggggAACZQgQMCnjOTFLBBBAAAEEEEAAAQQQQAABBBDIKEDAJCM2QyGAAAIIIIAAAggggAACCCCAQBkCBEzKeE7MEgEEEEAAAQQQQAABBBBAAAEEMgoQMMmIzVAIIIAAAggggAACCCCAAAIIIFCGAAGTMp4Ts0QAAQQQQAABBBBAAAEEEEAAgYwCBEwyYjMUAggggAACCCCAAAIIIIAAAgiUIUDApIznxCwRQAABBBBAAAEEEEAAAQQQQCCjAAGTjNgMhQACCCCAAAIIIIAAAggggAACZQgQMCnjOTFLBBBAAAEEEEAAAQQQQAABBBDIKEDAJCM2QyGAAAIIIIAAAggggAACCCCAQBkCBEzKeE7MEgEEEEAAAQQQQAABBBBAAAEEMgoQMMmIzVAIIIAAAggggAACCCCAAAIIIFCGAAGTMp4Ts0QAAQQQQAABBBBAAAEEEEAAgYwCBEwyYjMUAggggAACCCCAAAIIIIAAAgiUIUDApIznxCwRQAABBBBAAAEEEEAAAQQQQCCjAAGTjNgMhQACCCCAAAIIIIAAAggggAACZQgQMCnjOTFLBBBAAAEEEEAAAQQQQAABBBDIKEDAJCM2QyGAAAIIIIAAAggggAACCCCAQBkCBEzKeE7MEgEEEEAAAQQQQAABBBBAAAEEMgoQMMmIzVAIIIAAAggggAACCCCAAAIIIFCGAAGTMp4Ts0QAAQQQQAABBBBAAAEEEEAAgYwCBEwyYjMUAggggAACCCCAAAIIIIAAAgiUIUDApIznxCwRQAABBBBAAAEEEEAAAQQQQCCjAAGTjNgMhQACCCCAAAIIIIAAAggggAACZQgQMCnjOTFLBBBAAAEEEEAAAQQQQAABBBDIKEDAJCM2QyGAAAIIIIAAAggggAACCCCAQBkCBEzKeE7MEgEEEEAAAQQQQAABBBBAAAEEMgoQMMmIzVAIIIAAAggggAACCCCAAAIIIFCGAAGTMp4Ts0QAAQQQQAABBBBAAAEEEEAAgYwCBEwyYjMUAggggAACCCCAAAIIIIAAAgiUIUDApIznxCwRQAABBBBAAAEEEEAAAQQQQCCjAAGTjNgMhQACCCCAAAIIIIAAAggggAACZQgQMCnjOTFLBBBAAAEEEEAAAQQQQAABBBDIKEDAJCM2QyGAAAIIIIAAAggggAACCCCAQBkCBEzKeE7MEgEEEEAAAQQQQAABBBBAAAEEMgoQMMmIzVAIIIAAAggggAACCCCAAAIIIFCGAAGTMp4Ts0QAAQQQQAABBBBAAAEEEEAAgYwCBEwyYjMUAggggAACCCCAAAIIIIAAAgiUIUDApIznxCwRQAABBBBAAAEEEEAAAQQQQCCjAAGTjNgMh', '09089856740', 0, 0, 2, 'Advertisement', '', 'eqweqweqwe', 'qweqwe', 2, 1, 'On-going', '', '2024-04-08 06:44:55', '2024-04-08 06:44:55');

-- --------------------------------------------------------

--
-- Table structure for table `cs_cid_terms_of_service`
--

CREATE TABLE `cs_cid_terms_of_service` (
  `cid_tos_id` int(11) NOT NULL,
  `cid_number` varchar(100) NOT NULL,
  `cid_tos_terms` int(11) NOT NULL,
  `cid_tos_agreement` tinyint(4) NOT NULL,
  `cid_tos_created` timestamp NOT NULL DEFAULT current_timestamp() ON UPDATE current_timestamp()
) ENGINE=InnoDB DEFAULT CHARSET=utf8mb4 COLLATE=utf8mb4_general_ci;

--
-- Dumping data for table `cs_cid_terms_of_service`
--

INSERT INTO `cs_cid_terms_of_service` (`cid_tos_id`, `cid_number`, `cid_tos_terms`, `cid_tos_agreement`, `cid_tos_created`) VALUES
(2619, '042024-17', 1, 0, '2024-04-05 06:10:22'),
(2620, '042024-17', 2, 0, '2024-04-05 06:10:22'),
(2621, '042024-17', 3, 0, '2024-04-05 06:10:22'),
(2622, '042024-17', 4, 0, '2024-04-05 06:10:22'),
(2623, '042024-17', 5, 0, '2024-04-05 06:10:22'),
(2624, '042024-17', 6, 0, '2024-04-05 06:10:22'),
(2625, '042024-17', 7, 0, '2024-04-05 06:10:22'),
(2626, '042024-17', 8, 0, '2024-04-05 06:10:22'),
(2627, '042024-17', 9, 0, '2024-04-05 06:10:22'),
(2628, '042024-17', 10, 0, '2024-04-05 06:10:22'),
(2629, '042024-17', 11, 0, '2024-04-05 06:10:22'),
(2630, '042024-17', 12, 0, '2024-04-05 06:10:22'),
(2631, '042024-17', 13, 0, '2024-04-05 06:10:22'),
(2632, '042024-17', 14, 0, '2024-04-05 06:10:22'),
(2633, '042024-17', 15, 0, '2024-04-05 06:10:22'),
(2634, '042024-17', 16, 0, '2024-04-05 06:10:22'),
(2635, '042024-17', 17, 0, '2024-04-05 06:10:22'),
(2636, '042024-17', 18, 0, '2024-04-05 06:10:22'),
(2637, '042024-17', 19, 0, '2024-04-05 06:10:22'),
(2638, '042024-17', 20, 0, '2024-04-05 06:10:22'),
(2639, '042024-17', 21, 0, '2024-04-05 06:10:22'),
(2640, '042024-18', 1, 0, '2024-04-05 06:14:55'),
(2641, '042024-18', 2, 0, '2024-04-05 06:14:55'),
(2642, '042024-18', 3, 0, '2024-04-05 06:14:55'),
(2643, '042024-18', 4, 0, '2024-04-05 06:14:55'),
(2644, '042024-18', 5, 0, '2024-04-05 06:14:55'),
(2645, '042024-18', 6, 0, '2024-04-05 06:14:55'),
(2646, '042024-18', 7, 0, '2024-04-05 06:14:55'),
(2647, '042024-18', 8, 0, '2024-04-05 06:14:55'),
(2648, '042024-18', 9, 0, '2024-04-05 06:14:55'),
(2649, '042024-18', 10, 0, '2024-04-05 06:14:55'),
(2650, '042024-18', 11, 0, '2024-04-05 06:14:55'),
(2651, '042024-18', 12, 0, '2024-04-05 06:14:55'),
(2652, '042024-18', 13, 0, '2024-04-05 06:14:55'),
(2653, '042024-18', 14, 0, '2024-04-05 06:14:55'),
(2654, '042024-18', 15, 0, '2024-04-05 06:14:55'),
(2655, '042024-18', 16, 0, '2024-04-05 06:14:55'),
(2656, '042024-18', 17, 0, '2024-04-05 06:14:55'),
(2657, '042024-18', 18, 0, '2024-04-05 06:14:55'),
(2658, '042024-18', 19, 0, '2024-04-05 06:14:55'),
(2659, '042024-18', 20, 0, '2024-04-05 06:14:55'),
(2660, '042024-18', 21, 0, '2024-04-05 06:14:55'),
(2661, '042024-19', 1, 1, '2024-04-08 03:56:04'),
(2662, '042024-19', 2, 1, '2024-04-08 03:56:04'),
(2663, '042024-19', 3, 1, '2024-04-08 03:56:04'),
(2664, '042024-19', 4, 1, '2024-04-08 03:56:04'),
(2665, '042024-19', 5, 1, '2024-04-08 03:56:04'),
(2666, '042024-19', 6, 1, '2024-04-08 03:56:04'),
(2667, '042024-19', 7, 1, '2024-04-08 03:56:04'),
(2668, '042024-19', 8, 1, '2024-04-08 03:56:04'),
(2669, '042024-19', 9, 1, '2024-04-08 03:56:04'),
(2670, '042024-19', 10, 1, '2024-04-08 03:56:04'),
(2671, '042024-19', 11, 1, '2024-04-08 03:56:04'),
(2672, '042024-19', 12, 1, '2024-04-08 03:56:04'),
(2673, '042024-19', 13, 1, '2024-04-08 03:56:04'),
(2674, '042024-19', 14, 1, '2024-04-08 03:56:04'),
(2675, '042024-19', 15, 1, '2024-04-08 03:56:04'),
(2676, '042024-19', 16, 1, '2024-04-08 03:56:04'),
(2677, '042024-19', 17, 1, '2024-04-08 03:56:04'),
(2678, '042024-19', 18, 1, '2024-04-08 03:56:04'),
(2679, '042024-19', 19, 1, '2024-04-08 03:56:04'),
(2680, '042024-19', 20, 1, '2024-04-08 03:56:04'),
(2681, '042024-19', 21, 1, '2024-04-08 03:56:05'),
(2682, '042024-20', 1, 1, '2024-04-08 06:44:55'),
(2683, '042024-20', 2, 1, '2024-04-08 06:44:55'),
(2684, '042024-20', 3, 1, '2024-04-08 06:44:55'),
(2685, '042024-20', 4, 1, '2024-04-08 06:44:55'),
(2686, '042024-20', 5, 1, '2024-04-08 06:44:55'),
(2687, '042024-20', 6, 1, '2024-04-08 06:44:55'),
(2688, '042024-20', 7, 1, '2024-04-08 06:44:55'),
(2689, '042024-20', 8, 1, '2024-04-08 06:44:55'),
(2690, '042024-20', 9, 1, '2024-04-08 06:44:55'),
(2691, '042024-20', 10, 1, '2024-04-08 06:44:55'),
(2692, '042024-20', 11, 1, '2024-04-08 06:44:55'),
(2693, '042024-20', 12, 1, '2024-04-08 06:44:55'),
(2694, '042024-20', 13, 1, '2024-04-08 06:44:55'),
(2695, '042024-20', 14, 1, '2024-04-08 06:44:55'),
(2696, '042024-20', 15, 1, '2024-04-08 06:44:55'),
(2697, '042024-20', 16, 1, '2024-04-08 06:44:55'),
(2698, '042024-20', 17, 1, '2024-04-08 06:44:55'),
(2699, '042024-20', 18, 1, '2024-04-08 06:44:55'),
(2700, '042024-20', 19, 1, '2024-04-08 06:44:55'),
(2701, '042024-20', 20, 1, '2024-04-08 06:44:55'),
(2702, '042024-20', 21, 1, '2024-04-08 06:44:55');

-- --------------------------------------------------------

--
-- Table structure for table `cs_cid_terms_of_service_a`
--

CREATE TABLE `cs_cid_terms_of_service_a` (
  `cid_tos_a_id` int(11) NOT NULL,
  `tos_id` int(11) NOT NULL,
  `cid_number` varchar(25) NOT NULL,
  `cid_tos_agreement` int(11) NOT NULL,
  `cid_tos_a_created` timestamp NOT NULL DEFAULT current_timestamp(),
  `cid_tos_a_updated` timestamp NOT NULL DEFAULT current_timestamp() ON UPDATE current_timestamp()
) ENGINE=InnoDB DEFAULT CHARSET=utf8mb4 COLLATE=utf8mb4_general_ci;

--
-- Dumping data for table `cs_cid_terms_of_service_a`
--

INSERT INTO `cs_cid_terms_of_service_a` (`cid_tos_a_id`, `tos_id`, `cid_number`, `cid_tos_agreement`, `cid_tos_a_created`, `cid_tos_a_updated`) VALUES
(33, 5, '042024-17', 0, '2024-04-05 06:10:22', '2024-04-05 06:10:22'),
(34, 6, '042024-17', 0, '2024-04-05 06:10:22', '2024-04-05 06:10:22'),
(35, 4, '042024-17', 1, '2024-04-05 06:10:22', '2024-04-05 06:10:22'),
(37, 5, '042024-18', 0, '2024-04-05 06:14:55', '2024-04-05 06:14:55'),
(38, 6, '042024-18', 0, '2024-04-05 06:14:55', '2024-04-05 06:14:55'),
(39, 4, '042024-18', 1, '2024-04-05 06:14:55', '2024-04-05 06:14:55'),
(40, 7, '042024-18', 0, '2024-04-05 06:14:55', '2024-04-05 06:14:55'),
(41, 5, '042024-19', 1, '2024-04-08 03:56:05', '2024-04-08 03:56:05'),
(42, 6, '042024-19', 1, '2024-04-08 03:56:05', '2024-04-08 03:56:05'),
(43, 4, '042024-19', 1, '2024-04-08 03:56:05', '2024-04-08 03:56:05'),
(44, 7, '042024-19', 1, '2024-04-08 03:56:05', '2024-04-08 03:56:05'),
(45, 5, '042024-20', 0, '2024-04-08 06:44:55', '2024-04-08 06:44:55'),
(46, 6, '042024-20', 0, '2024-04-08 06:44:55', '2024-04-08 06:44:55'),
(47, 4, '042024-20', 1, '2024-04-08 06:44:55', '2024-04-08 06:44:55'),
(48, 7, '042024-20', 1, '2024-04-08 06:44:55', '2024-04-08 06:44:55');

-- --------------------------------------------------------

--
-- Table structure for table `cs_services`
--

CREATE TABLE `cs_services` (
  `cs_service_id` int(11) NOT NULL,
  `cs_service_name` varchar(100) NOT NULL,
  `cs_service_created` timestamp NOT NULL DEFAULT current_timestamp(),
  `cs_service_updated` timestamp NOT NULL DEFAULT current_timestamp() ON UPDATE current_timestamp()
) ENGINE=InnoDB DEFAULT CHARSET=utf8mb4 COLLATE=utf8mb4_general_ci;

--
-- Dumping data for table `cs_services`
--

INSERT INTO `cs_services` (`cs_service_id`, `cs_service_name`, `cs_service_created`, `cs_service_updated`) VALUES
(1, 'Computer', '2024-04-03 05:14:25', '2024-04-03 05:14:25'),
(2, 'Printer', '2024-04-03 05:14:34', '2024-04-03 05:14:34'),
(3, 'Laptop', '2024-04-03 07:37:40', '2024-04-03 07:37:40'),
(4, 'Aircon', '2024-04-03 07:37:40', '2024-04-03 07:37:40'),
(5, 'Tablet', '2024-04-03 07:38:03', '2024-04-03 07:38:03'),
(6, 'Cellphone', '2024-04-03 07:38:03', '2024-04-03 07:38:03');

-- --------------------------------------------------------

--
-- Table structure for table `cs_terms_of_service`
--

CREATE TABLE `cs_terms_of_service` (
  `tos_id` int(11) NOT NULL,
  `tos_content` text NOT NULL,
  `tos_required` smallint(6) NOT NULL,
  `tos_sequence` int(11) NOT NULL,
  `tos_created` timestamp NOT NULL DEFAULT current_timestamp(),
  `tos_updated` timestamp NOT NULL DEFAULT current_timestamp() ON UPDATE current_timestamp()
) ENGINE=InnoDB DEFAULT CHARSET=utf8mb4 COLLATE=utf8mb4_general_ci;

--
-- Dumping data for table `cs_terms_of_service`
--

INSERT INTO `cs_terms_of_service` (`tos_id`, `tos_content`, `tos_required`, `tos_sequence`, `tos_created`, `tos_updated`) VALUES
(1, 'FREE INITIAL CHECK-UP limited to Physical and Basic Troubleshooting.\r\n', 1, 2, '2024-04-05 02:19:06', '2024-04-05 03:00:49'),
(2, 'You must be of legal age. If not, additional consent from a legal guardian is required.', 1, 1, '2024-04-05 02:40:12', '2024-04-05 04:06:13'),
(3, 'The client is MANDATORY to avail deep cleaning service for units with significant debris and dirt accumulation so that skilled technicians can proceed with diagnosing the issue.', 1, 3, '2024-04-05 02:40:29', '2024-04-05 04:06:16'),
(4, 'Ensure your data is backed up before we access your system. We\'re not liable for data loss. If you haven\'t backed up, contact us to arrange it. Be aware that hard drive failure or malware can cause data loss during our check-up. We might need to reinstall your operating system; let us know if you want data backed up, but this incurs extra charges.', 1, 4, '2024-04-05 02:42:23', '2024-04-05 02:42:23'),
(5, 'Physical verification happens at TECHYDAVID I.T SOLUTIONS\' Physical Store.', 1, 5, '2024-04-05 02:43:14', '2024-04-05 02:43:29'),
(6, 'Your system must have a License Windows or Apple OS X OS; we\'ll install a retail version if needed, with additional costs and time. We can\'t work on unlicensed Operating System.', 1, 6, '2024-04-05 02:44:00', '2024-04-05 02:44:00'),
(7, 'REMOTE REPAIR: We\'ll do our best to solve requested issues remotely. If needed, we\'ll discuss options for repair. Conditions: Services within Standard Business Hours: 9:00 AM - 8:00 PM, MON - SAT, except Holidays', 1, 7, '2024-04-05 02:48:40', '2024-04-05 02:48:40'),
(8, 'Board Repair Units: Lead time mostly 3-5 months and above depending on the issue, client is informed first to proceed , if client change of mind incurs charges a specific amount.', 1, 8, '2024-04-05 02:48:40', '2024-04-05 02:48:40'),
(9, 'Technical Parts: If it becomes necessary to order parts to proceed with the repair, please be aware that we do not have control over the shipment lead time of parts from the manufacturer.', 1, 9, '2024-04-05 02:48:40', '2024-04-05 02:48:40'),
(10, 'Data Recovery: As part of the data recovery process, it is essential to inform you that we are unable to selectively choose which chance to be recovered. In the event of unsuccessful data recovery, a fee of P1,500.00 will be charged as an Advance Diagnostic Service Fee.', 1, 10, '2024-04-05 02:48:40', '2024-04-05 02:48:40'),
(11, 'Advertising: We may use before and after pictures of your unit for promotion. We can add our company sticker for tracking and advertising.', 1, 11, '2024-04-05 02:48:40', '2024-04-05 02:48:40'),
(12, 'Third-Party Pickups: We\'re not responsible for items picked up via Lalamove/Grab & other Courier that may affect the unit. We guarantee test and make sure complete units before release. Down payment of 80% is required.', 1, 12, '2024-04-05 02:48:40', '2024-04-05 02:48:40'),
(13, 'RTO Units Notice: Client(s) are informed about RTO (Return to the owner) units. Units are released unless client specifies a reason for delay. Kindly Relay to Pick-up Responsibility.', 1, 13, '2024-04-05 02:48:40', '2024-04-05 02:48:40'),
(14, 'BRAND AWARENESS: Client must uphold the TECHYDAVID I.T SOLUTIONS brand and refrain from disseminating negative Information or comments that undermine or are detrimental to TECHYDAVID I.T SOLUTIONS, the brand, and its products and employees, through any means (including but not limited to verbal, written, screenshots ,online, or media channels). Negotiation must be done between TECHYDAVID I.T SOLUTIONS and Client only.', 1, 14, '2024-04-05 02:48:40', '2024-04-05 02:48:40'),
(15, 'Unforeseen Issues During Repair: During repair, unexpected problems may arise. We\'re not responsible for resulting to any damages.', 1, 15, '2024-04-05 02:48:40', '2024-04-05 02:48:40'),
(16, 'Act of God Circumstances: TECHYDAVID IT SOLUTIONS shall not be liable for the damage on Items in case of fire ,earthquake,-flood and other similar natural calamities.', 1, 16, '2024-04-05 02:48:40', '2024-04-05 02:48:40'),
(17, 'Confidential Accounts: It is the client\'s responsibility to ensure the secure management of sensitive and confidential accounts by logging out of them appropriately.', 1, 17, '2024-04-05 02:48:40', '2024-04-05 02:48:40'),
(18, 'Claiming Slip Requirement: claiming slip is mandatory, In the event of a missing claiming slip, please present a valid government ID for verification.', 1, 18, '2024-04-05 02:48:40', '2024-04-05 02:48:40'),
(19, 'Client Rights: Clients can request a copy of these terms and unit diagnosis details upon request.', 1, 19, '2024-04-05 02:48:40', '2024-04-05 02:48:40'),
(20, 'When Initiating a warranty claim, please be aware that we have implemented a mandatory inspection procedure. This step ensures that our technical experts can thoroughly assess the issue before proceeding with the claim. This approach enables us to address your concern promptly and accurately. NO OFFICIAL RECEIPT NO WARRANTY.', 1, 20, '2024-04-05 02:48:40', '2024-04-05 02:48:40'),
(21, 'Official receipt turnover upon completion of service.', 1, 21, '2024-04-05 02:48:40', '2024-04-05 04:05:17');

-- --------------------------------------------------------

--
-- Table structure for table `cs_tos_additional`
--

CREATE TABLE `cs_tos_additional` (
  `tos_a_id` int(11) NOT NULL,
  `tos_id` int(11) NOT NULL,
  `tos_a_type` varchar(100) NOT NULL,
  `tos_a_content` text NOT NULL
) ENGINE=InnoDB DEFAULT CHARSET=utf8mb4 COLLATE=utf8mb4_general_ci;

--
-- Dumping data for table `cs_tos_additional`
--

INSERT INTO `cs_tos_additional` (`tos_a_id`, `tos_id`, `tos_a_type`, `tos_a_content`) VALUES
(4, 11, 'radiobutton', ''),
(5, 2, 'checkbox', 'RUSH FEE - A rush fee is applicable for urgent repair units. Kindly coordinate with the responsible technician to facilitate the process.\r\n'),
(6, 2, 'checkbox', 'Advanced diagnostic Check-up-procedures are required to address the issues that necessitate deep troubleshooting.\r\n'),
(7, 4, 'radiobutton', '');

-- --------------------------------------------------------

--
-- Table structure for table `cs_users`
--

CREATE TABLE `cs_users` (
  `csu_id` int(11) NOT NULL,
  `csu_username` varchar(100) NOT NULL,
  `csu_password` varchar(100) NOT NULL,
  `csu_name` varchar(255) NOT NULL,
  `csu_permission` varchar(100) NOT NULL,
  `csu_created` timestamp NOT NULL DEFAULT current_timestamp(),
  `csu_updated` timestamp NOT NULL DEFAULT current_timestamp() ON UPDATE current_timestamp()
) ENGINE=InnoDB DEFAULT CHARSET=utf8mb4 COLLATE=utf8mb4_general_ci;

--
-- Dumping data for table `cs_users`
--

INSERT INTO `cs_users` (`csu_id`, `csu_username`, `csu_password`, `csu_name`, `csu_permission`, `csu_created`, `csu_updated`) VALUES
(2, 'Admin', '$2y$10$WoY9EQSGKGVg4cqJGe9X.O8qlNRvtnkXZ/Z25FlCuOi5iimqlZhum', 'Armein', 'Frontdesk', '2024-04-01 07:06:31', '2024-04-01 07:08:38'),
(3, 'Asdwasd', 'asdwasd', 'Gerard', 'Technician', '2024-04-01 07:55:47', '2024-04-01 07:55:47'),
(4, 'Benjie123', '123', 'Benjie', 'Technician', '2024-04-08 08:34:21', '2024-04-08 08:34:21');

-- --------------------------------------------------------

--
-- Table structure for table `test`
--

CREATE TABLE `test` (
  `test_int` int(11) DEFAULT NULL,
  `test_text` int(11) DEFAULT NULL
) ENGINE=InnoDB DEFAULT CHARSET=utf8mb4 COLLATE=utf8mb4_general_ci;

--
-- Dumping data for table `test`
--

INSERT INTO `test` (`test_int`, `test_text`) VALUES
(1, 0),
(0, 1),
(1, NULL),
(NULL, 1);

--
-- Indexes for dumped tables
--

--
-- Indexes for table `cid_summary_of_repairs`
--
ALTER TABLE `cid_summary_of_repairs`
  ADD PRIMARY KEY (`cid_sor_id`),
  ADD KEY `cid_number` (`cid_number`),
  ADD KEY `cid_sor_technician_id` (`cid_sor_technician_id`);

--
-- Indexes for table `cid_summary_of_repairs_notes`
--
ALTER TABLE `cid_summary_of_repairs_notes`
  ADD PRIMARY KEY (`cid_sor_notes_id`),
  ADD KEY `cid_number` (`cid_number`),
  ADD KEY `cid_sor_id` (`cid_sor_id`);

--
-- Indexes for table `cs_cid_information`
--
ALTER TABLE `cs_cid_information`
  ADD PRIMARY KEY (`cid_id`),
  ADD UNIQUE KEY `uc_cid_number` (`cid_number`),
  ADD KEY `cid_technician_id` (`cid_technician_id`),
  ADD KEY `cid_service_id` (`cid_service_id`),
  ADD KEY `cid_representative` (`cid_representative`);

--
-- Indexes for table `cs_cid_terms_of_service`
--
ALTER TABLE `cs_cid_terms_of_service`
  ADD PRIMARY KEY (`cid_tos_id`),
  ADD KEY `cid_number` (`cid_number`),
  ADD KEY `cid_tos_terms` (`cid_tos_terms`);

--
-- Indexes for table `cs_cid_terms_of_service_a`
--
ALTER TABLE `cs_cid_terms_of_service_a`
  ADD PRIMARY KEY (`cid_tos_a_id`),
  ADD KEY `cid_number` (`cid_number`),
  ADD KEY `cs_cid_terms_of_service_a_ibfk_1` (`tos_id`);

--
-- Indexes for table `cs_services`
--
ALTER TABLE `cs_services`
  ADD PRIMARY KEY (`cs_service_id`);

--
-- Indexes for table `cs_terms_of_service`
--
ALTER TABLE `cs_terms_of_service`
  ADD PRIMARY KEY (`tos_id`);

--
-- Indexes for table `cs_tos_additional`
--
ALTER TABLE `cs_tos_additional`
  ADD PRIMARY KEY (`tos_a_id`),
  ADD KEY `tos_id` (`tos_id`);

--
-- Indexes for table `cs_users`
--
ALTER TABLE `cs_users`
  ADD PRIMARY KEY (`csu_id`);

--
-- AUTO_INCREMENT for dumped tables
--

--
-- AUTO_INCREMENT for table `cid_summary_of_repairs`
--
ALTER TABLE `cid_summary_of_repairs`
  MODIFY `cid_sor_id` int(11) NOT NULL AUTO_INCREMENT;

--
-- AUTO_INCREMENT for table `cid_summary_of_repairs_notes`
--
ALTER TABLE `cid_summary_of_repairs_notes`
  MODIFY `cid_sor_notes_id` int(11) NOT NULL AUTO_INCREMENT;

--
-- AUTO_INCREMENT for table `cs_cid_information`
--
ALTER TABLE `cs_cid_information`
  MODIFY `cid_id` int(11) NOT NULL AUTO_INCREMENT, AUTO_INCREMENT=178;

--
-- AUTO_INCREMENT for table `cs_cid_terms_of_service`
--
ALTER TABLE `cs_cid_terms_of_service`
  MODIFY `cid_tos_id` int(11) NOT NULL AUTO_INCREMENT, AUTO_INCREMENT=2703;

--
-- AUTO_INCREMENT for table `cs_cid_terms_of_service_a`
--
ALTER TABLE `cs_cid_terms_of_service_a`
  MODIFY `cid_tos_a_id` int(11) NOT NULL AUTO_INCREMENT, AUTO_INCREMENT=49;

--
-- AUTO_INCREMENT for table `cs_services`
--
ALTER TABLE `cs_services`
  MODIFY `cs_service_id` int(11) NOT NULL AUTO_INCREMENT, AUTO_INCREMENT=7;

--
-- AUTO_INCREMENT for table `cs_terms_of_service`
--
ALTER TABLE `cs_terms_of_service`
  MODIFY `tos_id` int(11) NOT NULL AUTO_INCREMENT, AUTO_INCREMENT=22;

--
-- AUTO_INCREMENT for table `cs_tos_additional`
--
ALTER TABLE `cs_tos_additional`
  MODIFY `tos_a_id` int(11) NOT NULL AUTO_INCREMENT, AUTO_INCREMENT=8;

--
-- AUTO_INCREMENT for table `cs_users`
--
ALTER TABLE `cs_users`
  MODIFY `csu_id` int(11) NOT NULL AUTO_INCREMENT, AUTO_INCREMENT=5;

--
-- Constraints for dumped tables
--

--
-- Constraints for table `cid_summary_of_repairs`
--
ALTER TABLE `cid_summary_of_repairs`
  ADD CONSTRAINT `cid_summary_of_repairs_ibfk_1` FOREIGN KEY (`cid_number`) REFERENCES `cs_cid_information` (`cid_number`),
  ADD CONSTRAINT `cid_summary_of_repairs_ibfk_2` FOREIGN KEY (`cid_sor_technician_id`) REFERENCES `cs_users` (`csu_id`);

--
-- Constraints for table `cid_summary_of_repairs_notes`
--
ALTER TABLE `cid_summary_of_repairs_notes`
  ADD CONSTRAINT `cid_summary_of_repairs_notes_ibfk_1` FOREIGN KEY (`cid_number`) REFERENCES `cs_cid_information` (`cid_number`),
  ADD CONSTRAINT `cid_summary_of_repairs_notes_ibfk_2` FOREIGN KEY (`cid_sor_id`) REFERENCES `cid_summary_of_repairs` (`cid_sor_id`);

--
-- Constraints for table `cs_cid_information`
--
ALTER TABLE `cs_cid_information`
  ADD CONSTRAINT `cs_cid_information_ibfk_1` FOREIGN KEY (`cid_technician_id`) REFERENCES `cs_users` (`csu_id`),
  ADD CONSTRAINT `cs_cid_information_ibfk_2` FOREIGN KEY (`cid_service_id`) REFERENCES `cs_services` (`cs_service_id`),
  ADD CONSTRAINT `cs_cid_information_ibfk_3` FOREIGN KEY (`cid_representative`) REFERENCES `cs_users` (`csu_id`);

--
-- Constraints for table `cs_cid_terms_of_service`
--
ALTER TABLE `cs_cid_terms_of_service`
  ADD CONSTRAINT `cs_cid_terms_of_service_ibfk_1` FOREIGN KEY (`cid_number`) REFERENCES `cs_cid_information` (`cid_number`),
  ADD CONSTRAINT `cs_cid_terms_of_service_ibfk_2` FOREIGN KEY (`cid_tos_terms`) REFERENCES `cs_terms_of_service` (`tos_id`);

--
-- Constraints for table `cs_cid_terms_of_service_a`
--
ALTER TABLE `cs_cid_terms_of_service_a`
  ADD CONSTRAINT `cs_cid_terms_of_service_a_ibfk_1` FOREIGN KEY (`tos_id`) REFERENCES `cs_tos_additional` (`tos_a_id`),
  ADD CONSTRAINT `cs_cid_terms_of_service_a_ibfk_2` FOREIGN KEY (`cid_number`) REFERENCES `cs_cid_information` (`cid_number`);

--
-- Constraints for table `cs_tos_additional`
--
ALTER TABLE `cs_tos_additional`
  ADD CONSTRAINT `cs_tos_additional_ibfk_1` FOREIGN KEY (`tos_id`) REFERENCES `cs_terms_of_service` (`tos_id`);
COMMIT;

/*!40101 SET CHARACTER_SET_CLIENT=@OLD_CHARACTER_SET_CLIENT */;
/*!40101 SET CHARACTER_SET_RESULTS=@OLD_CHARACTER_SET_RESULTS */;
/*!40101 SET COLLATION_CONNECTION=@OLD_COLLATION_CONNECTION */;
